,precision,recall,f1-score,support
isnull,0.07142857142857142,0.4,0.12121212121212122,10.0
一,1.0,1.0,1.0,7.0
丁,1.0,1.0,1.0,10.0
七,1.0,1.0,1.0,7.0
丈,1.0,1.0,1.0,7.0
三,1.0,1.0,1.0,10.0
上,1.0,1.0,1.0,10.0
下,1.0,1.0,1.0,7.0
不,1.0,1.0,1.0,10.0
且,1.0,1.0,1.0,7.0
世,1.0,1.0,1.0,10.0
丘,0.9444444444444444,1.0,0.9714285714285714,17.0
丙,1.0,1.0,1.0,7.0
丞,1.0,1.0,1.0,10.0
丟,1.0,0.9375,0.967741935483871,16.0
並,1.0,1.0,1.0,7.0
中,1.0,1.0,1.0,10.0
串,1.0,1.0,1.0,7.0
丸,1.0,1.0,1.0,7.0
丹,0.7777777777777778,1.0,0.8750000000000001,7.0
主,1.0,1.0,1.0,10.0
乃,1.0,1.0,1.0,7.0
久,1.0,1.0,1.0,10.0
之,1.0,1.0,1.0,10.0
乍,1.0,0.8571428571428571,0.923076923076923,7.0
乎,1.0,0.8571428571428571,0.923076923076923,7.0
乏,1.0,1.0,1.0,17.0
乘,0.8571428571428571,1.0,0.923076923076923,6.0
乙,1.0,1.0,1.0,7.0
九,1.0,1.0,1.0,7.0
乞,1.0,1.0,1.0,7.0
也,1.0,1.0,1.0,17.0
乳,1.0,1.0,1.0,7.0
乾,1.0,1.0,1.0,17.0
亂,1.0,1.0,1.0,6.0
了,1.0,1.0,1.0,7.0
予,1.0,1.0,1.0,7.0
事,1.0,1.0,1.0,10.0
二,0.875,1.0,0.9333333333333333,7.0
于,0.8333333333333334,1.0,0.9090909090909091,10.0
互,1.0,1.0,1.0,17.0
五,1.0,1.0,1.0,10.0
井,1.0,1.0,1.0,7.0
些,1.0,1.0,1.0,7.0
亞,1.0,1.0,1.0,10.0
亟,1.0,1.0,1.0,6.0
亡,1.0,0.7142857142857143,0.8333333333333333,7.0
交,1.0,1.0,1.0,10.0
亥,1.0,0.9411764705882353,0.9696969696969697,17.0
亦,1.0,1.0,1.0,7.0
亨,1.0,0.9,0.9473684210526316,10.0
享,1.0,1.0,1.0,7.0
京,0.9090909090909091,1.0,0.9523809523809523,10.0
亭,1.0,1.0,1.0,17.0
亮,0.9090909090909091,1.0,0.9523809523809523,10.0
人,1.0,1.0,1.0,10.0
什,0.875,1.0,0.9333333333333333,7.0
仁,1.0,1.0,1.0,10.0
仇,0.9444444444444444,1.0,0.9714285714285714,17.0
今,0.875,1.0,0.9333333333333333,7.0
介,1.0,1.0,1.0,10.0
仍,1.0,1.0,1.0,6.0
仔,1.0,1.0,1.0,7.0
仕,1.0,1.0,1.0,10.0
他,1.0,1.0,1.0,17.0
仗,1.0,1.0,1.0,6.0
付,1.0,0.8823529411764706,0.9375,17.0
仙,1.0,1.0,1.0,10.0
代,1.0,1.0,1.0,10.0
令,0.8333333333333334,0.7142857142857143,0.7692307692307692,7.0
以,1.0,0.8571428571428571,0.923076923076923,7.0
仰,0.9444444444444444,1.0,0.9714285714285714,17.0
仲,1.0,1.0,1.0,10.0
件,0.9444444444444444,1.0,0.9714285714285714,17.0
任,1.0,1.0,1.0,10.0
份,1.0,1.0,1.0,10.0
仿,1.0,1.0,1.0,6.0
企,1.0,1.0,1.0,10.0
伊,1.0,1.0,1.0,10.0
伍,1.0,1.0,1.0,10.0
伏,1.0,1.0,1.0,7.0
伐,1.0,1.0,1.0,7.0
休,1.0,1.0,1.0,7.0
伯,1.0,1.0,1.0,10.0
估,1.0,1.0,1.0,6.0
伴,1.0,0.8571428571428571,0.923076923076923,7.0
伶,1.0,1.0,1.0,10.0
伸,1.0,1.0,1.0,7.0
似,1.0,1.0,1.0,17.0
佃,1.0,1.0,1.0,7.0
但,1.0,1.0,1.0,7.0
位,1.0,1.0,1.0,10.0
低,1.0,1.0,1.0,17.0
住,0.9444444444444444,1.0,0.9714285714285714,17.0
佐,1.0,0.9411764705882353,0.9696969696969697,17.0
佑,1.0,1.0,1.0,10.0
佔,1.0,1.0,1.0,6.0
何,1.0,1.0,1.0,10.0
余,1.0,0.9,0.9473684210526316,10.0
佛,1.0,1.0,1.0,6.0
作,1.0,1.0,1.0,10.0
你,1.0,1.0,1.0,6.0
佩,1.0,1.0,1.0,10.0
佳,1.0,1.0,1.0,10.0
使,1.0,1.0,1.0,7.0
來,1.0,1.0,1.0,10.0
例,1.0,1.0,1.0,7.0
侍,1.0,0.8571428571428571,0.923076923076923,7.0
侑,1.0,1.0,1.0,10.0
供,1.0,1.0,1.0,7.0
依,1.0,0.8823529411764706,0.9375,17.0
侮,1.0,1.0,1.0,7.0
侯,1.0,1.0,1.0,10.0
侵,1.0,1.0,1.0,7.0
便,0.9444444444444444,1.0,0.9714285714285714,17.0
促,1.0,1.0,1.0,17.0
俄,1.0,1.0,1.0,7.0
俊,1.0,1.0,1.0,10.0
俗,0.9411764705882353,0.9411764705882353,0.9411764705882353,17.0
俘,1.0,1.0,1.0,16.0
保,1.0,1.0,1.0,10.0
信,1.0,1.0,1.0,10.0
修,1.0,1.0,1.0,10.0
俯,1.0,1.0,1.0,6.0
俱,1.0,0.8571428571428571,0.923076923076923,7.0
俺,1.0,1.0,1.0,7.0
倆,1.0,1.0,1.0,6.0
倉,1.0,1.0,1.0,10.0
個,1.0,1.0,1.0,7.0
倍,0.8947368421052632,1.0,0.9444444444444444,17.0
們,1.0,0.9375,0.967741935483871,16.0
倒,1.0,1.0,1.0,7.0
倘,1.0,1.0,1.0,6.0
候,1.0,0.9411764705882353,0.9696969696969697,17.0
倚,1.0,1.0,1.0,6.0
倡,0.9411764705882353,1.0,0.9696969696969697,16.0
倦,1.0,1.0,1.0,17.0
倫,1.0,1.0,1.0,10.0
值,0.8947368421052632,1.0,0.9444444444444444,17.0
假,1.0,1.0,1.0,6.0
偉,1.0,1.0,1.0,10.0
偏,1.0,1.0,1.0,17.0
做,1.0,1.0,1.0,6.0
停,1.0,1.0,1.0,7.0
健,1.0,1.0,1.0,10.0
側,1.0,1.0,1.0,17.0
偵,1.0,1.0,1.0,7.0
偶,1.0,0.8571428571428571,0.923076923076923,7.0
偷,1.0,1.0,1.0,7.0
偽,1.0,1.0,1.0,7.0
傅,1.0,1.0,1.0,10.0
傍,1.0,1.0,1.0,7.0
傑,1.0,0.9,0.9473684210526316,10.0
傘,1.0,1.0,1.0,7.0
備,1.0,1.0,1.0,10.0
催,1.0,1.0,1.0,17.0
傭,1.0,1.0,1.0,7.0
傲,1.0,1.0,1.0,6.0
傳,1.0,1.0,1.0,10.0
債,1.0,1.0,1.0,7.0
傷,1.0,1.0,1.0,7.0
傻,1.0,1.0,1.0,7.0
傾,1.0,0.8823529411764706,0.9375,17.0
僅,1.0,1.0,1.0,7.0
像,1.0,1.0,1.0,7.0
僑,1.0,1.0,1.0,10.0
僕,1.0,1.0,1.0,17.0
僚,1.0,1.0,1.0,17.0
僧,1.0,1.0,1.0,17.0
僵,1.0,1.0,1.0,6.0
價,1.0,1.0,1.0,6.0
儀,1.0,0.9,0.9473684210526316,10.0
億,1.0,1.0,1.0,10.0
儉,1.0,1.0,1.0,6.0
儒,1.0,1.0,1.0,10.0
償,1.0,1.0,1.0,17.0
優,1.0,1.0,1.0,10.0
儲,1.0,1.0,1.0,7.0
允,1.0,1.0,1.0,10.0
元,1.0,1.0,1.0,10.0
兄,1.0,0.9411764705882353,0.9696969696969697,17.0
充,1.0,0.9411764705882353,0.9696969696969697,17.0
兆,1.0,1.0,1.0,10.0
兇,0.8,0.8571428571428571,0.8275862068965518,14.0
先,1.0,1.0,1.0,10.0
光,1.0,1.0,1.0,10.0
克,1.0,1.0,1.0,10.0
免,1.0,1.0,1.0,7.0
兒,1.0,0.9,0.9473684210526316,10.0
兔,1.0,1.0,1.0,16.0
兜,1.0,1.0,1.0,7.0
入,1.0,1.0,1.0,17.0
內,1.0,1.0,1.0,10.0
全,0.7692307692307693,1.0,0.8695652173913044,10.0
兩,1.0,1.0,1.0,6.0
八,1.0,1.0,1.0,17.0
公,1.0,1.0,1.0,10.0
六,1.0,1.0,1.0,7.0
共,1.0,1.0,1.0,7.0
兵,1.0,1.0,1.0,7.0
其,1.0,1.0,1.0,10.0
具,0.8333333333333334,1.0,0.9090909090909091,10.0
典,1.0,1.0,1.0,10.0
兼,1.0,0.8571428571428571,0.923076923076923,7.0
冀,0.8571428571428571,1.0,0.923076923076923,6.0
冊,1.0,1.0,1.0,17.0
再,1.0,1.0,1.0,17.0
冒,1.0,1.0,1.0,17.0
冠,1.0,1.0,1.0,10.0
冤,1.0,1.0,1.0,6.0
冪,1.0,1.0,1.0,6.0
冬,0.9444444444444444,1.0,0.9714285714285714,17.0
冰,1.0,1.0,1.0,6.0
冶,1.0,1.0,1.0,7.0
冷,0.9090909090909091,1.0,0.9523809523809523,10.0
凌,1.0,1.0,1.0,10.0
凍,1.0,1.0,1.0,10.0
凝,1.0,0.8571428571428571,0.923076923076923,7.0
凡,1.0,1.0,1.0,7.0
凱,1.0,1.0,1.0,10.0
凸,1.0,1.0,1.0,7.0
凹,0.9444444444444444,1.0,0.9714285714285714,17.0
出,1.0,0.8571428571428571,0.923076923076923,7.0
函,1.0,1.0,1.0,17.0
刀,1.0,1.0,1.0,7.0
刃,1.0,1.0,1.0,7.0
分,1.0,1.0,1.0,10.0
切,1.0,1.0,1.0,7.0
刊,1.0,1.0,1.0,7.0
刑,1.0,1.0,1.0,7.0
列,1.0,1.0,1.0,7.0
初,1.0,1.0,1.0,17.0
判,1.0,1.0,1.0,7.0
別,1.0,1.0,1.0,7.0
刨,1.0,1.0,1.0,6.0
利,1.0,1.0,1.0,10.0
刮,1.0,1.0,1.0,16.0
到,1.0,1.0,1.0,17.0
制,1.0,1.0,1.0,7.0
刷,1.0,1.0,1.0,10.0
券,1.0,1.0,1.0,10.0
刺,1.0,1.0,1.0,7.0
刻,1.0,1.0,1.0,7.0
則,1.0,0.9411764705882353,0.9696969696969697,17.0
削,1.0,1.0,1.0,7.0
前,0.875,1.0,0.9333333333333333,7.0
剎,1.0,1.0,1.0,17.0
剖,1.0,1.0,1.0,7.0
剛,1.0,1.0,1.0,7.0
剝,1.0,1.0,1.0,7.0
剩,1.0,1.0,1.0,6.0
剪,1.0,1.0,1.0,16.0
副,1.0,1.0,1.0,7.0
割,1.0,1.0,1.0,7.0
創,1.0,1.0,1.0,10.0
剿,1.0,1.0,1.0,16.0
劃,1.0,1.0,1.0,17.0
劇,1.0,1.0,1.0,7.0
劈,1.0,0.8333333333333334,0.9090909090909091,6.0
劉,1.0,1.0,1.0,10.0
劍,1.0,0.8333333333333334,0.9090909090909091,6.0
劑,1.0,1.0,1.0,6.0
力,1.0,1.0,1.0,10.0
功,1.0,1.0,1.0,17.0
加,1.0,1.0,1.0,10.0
劣,1.0,1.0,1.0,7.0
助,1.0,1.0,1.0,10.0
努,1.0,1.0,1.0,17.0
劫,1.0,1.0,1.0,7.0
勁,1.0,1.0,1.0,10.0
勃,1.0,1.0,1.0,17.0
勇,0.9090909090909091,1.0,0.9523809523809523,10.0
勉,1.0,1.0,1.0,17.0
勒,1.0,1.0,1.0,6.0
動,1.0,1.0,1.0,10.0
勘,1.0,1.0,1.0,17.0
務,1.0,1.0,1.0,10.0
勝,1.0,1.0,1.0,10.0
勞,1.0,1.0,1.0,16.0
募,1.0,1.0,1.0,7.0
勢,1.0,1.0,1.0,17.0
勤,1.0,1.0,1.0,10.0
勳,1.0,1.0,1.0,10.0
勵,1.0,1.0,1.0,6.0
勸,1.0,1.0,1.0,16.0
勺,0.875,1.0,0.9333333333333333,7.0
勻,1.0,0.8571428571428571,0.923076923076923,7.0
勾,1.0,0.8571428571428571,0.923076923076923,7.0
勿,0.8571428571428571,0.8571428571428571,0.8571428571428571,7.0
包,0.9090909090909091,1.0,0.9523809523809523,10.0
匆,0.8333333333333334,0.8333333333333334,0.8333333333333334,6.0
匈,1.0,1.0,1.0,6.0
化,1.0,1.0,1.0,10.0
北,1.0,1.0,1.0,10.0
匠,1.0,1.0,1.0,10.0
匪,1.0,1.0,1.0,7.0
匯,1.0,1.0,1.0,10.0
匹,1.0,1.0,1.0,17.0
區,1.0,1.0,1.0,10.0
十,1.0,1.0,1.0,7.0
千,1.0,0.9,0.9473684210526316,10.0
升,1.0,1.0,1.0,10.0
午,1.0,1.0,1.0,7.0
卉,0.9090909090909091,1.0,0.9523809523809523,10.0
半,1.0,1.0,1.0,17.0
卑,1.0,0.8571428571428571,0.923076923076923,7.0
卒,1.0,1.0,1.0,7.0
卓,1.0,1.0,1.0,10.0
協,1.0,1.0,1.0,10.0
南,1.0,1.0,1.0,10.0
博,1.0,1.0,1.0,10.0
卜,1.0,1.0,1.0,7.0
卡,1.0,1.0,1.0,6.0
印,1.0,1.0,1.0,10.0
危,1.0,1.0,1.0,17.0
即,1.0,1.0,1.0,17.0
卵,1.0,1.0,1.0,7.0
卷,0.9375,0.9375,0.9375,16.0
卸,1.0,1.0,1.0,7.0
卻,1.0,1.0,1.0,6.0
卿,1.0,1.0,1.0,10.0
厚,1.0,1.0,1.0,10.0
原,1.0,1.0,1.0,10.0
厭,1.0,1.0,1.0,7.0
厲,1.0,1.0,1.0,16.0
去,0.7777777777777778,1.0,0.8750000000000001,7.0
參,1.0,1.0,1.0,6.0
又,0.875,1.0,0.9333333333333333,7.0
叉,1.0,0.9411764705882353,0.9696969696969697,17.0
及,0.9444444444444444,1.0,0.9714285714285714,17.0
友,1.0,1.0,1.0,10.0
反,1.0,0.8571428571428571,0.923076923076923,7.0
叔,1.0,1.0,1.0,7.0
取,1.0,1.0,1.0,7.0
受,1.0,1.0,1.0,7.0
叛,1.0,1.0,1.0,7.0
叢,1.0,1.0,1.0,17.0
口,1.0,0.7142857142857143,0.8333333333333333,7.0
古,1.0,1.0,1.0,10.0
句,1.0,1.0,1.0,7.0
另,1.0,1.0,1.0,16.0
只,1.0,1.0,1.0,7.0
叫,1.0,1.0,1.0,7.0
召,1.0,1.0,1.0,17.0
叭,1.0,1.0,1.0,16.0
叮,1.0,1.0,1.0,6.0
可,1.0,1.0,1.0,10.0
台,0.8333333333333334,1.0,0.9090909090909091,10.0
史,0.8571428571428571,0.8571428571428571,0.8571428571428571,7.0
右,1.0,1.0,1.0,7.0
司,1.0,0.9,0.9473684210526316,10.0
吃,1.0,1.0,1.0,17.0
各,0.9411764705882353,0.9411764705882353,0.9411764705882353,17.0
合,0.9090909090909091,1.0,0.9523809523809523,10.0
吉,1.0,1.0,1.0,10.0
吊,1.0,1.0,1.0,7.0
同,1.0,1.0,1.0,10.0
名,1.0,1.0,1.0,10.0
吏,1.0,1.0,1.0,17.0
吐,1.0,1.0,1.0,7.0
向,1.0,1.0,1.0,17.0
君,1.0,1.0,1.0,10.0
吞,1.0,1.0,1.0,7.0
吟,1.0,1.0,1.0,10.0
否,1.0,0.8571428571428571,0.923076923076923,7.0
吧,1.0,1.0,1.0,6.0
含,1.0,0.9411764705882353,0.9696969696969697,17.0
吳,1.0,0.9,0.9473684210526316,10.0
吵,1.0,1.0,1.0,6.0
吸,0.875,1.0,0.9333333333333333,7.0
吹,1.0,1.0,1.0,7.0
吻,1.0,1.0,1.0,7.0
吼,1.0,1.0,1.0,6.0
吾,1.0,1.0,1.0,7.0
呀,1.0,1.0,1.0,6.0
呂,1.0,0.8,0.888888888888889,10.0
呆,1.0,1.0,1.0,17.0
呈,1.0,1.0,1.0,10.0
告,1.0,1.0,1.0,10.0
呢,1.0,1.0,1.0,16.0
周,1.0,1.0,1.0,10.0
呱,1.0,1.0,1.0,6.0
味,1.0,1.0,1.0,7.0
呵,1.0,1.0,1.0,6.0
呼,1.0,1.0,1.0,17.0
命,1.0,1.0,1.0,7.0
咋,1.0,1.0,1.0,7.0
和,1.0,1.0,1.0,10.0
咐,1.0,1.0,1.0,6.0
咒,1.0,1.0,1.0,6.0
咕,1.0,1.0,1.0,6.0
咖,1.0,1.0,1.0,16.0
咨,1.0,1.0,1.0,6.0
咬,1.0,0.8333333333333334,0.9090909090909091,6.0
咱,1.0,1.0,1.0,6.0
咳,1.0,0.9411764705882353,0.9696969696969697,17.0
咸,0.8571428571428571,1.0,0.923076923076923,6.0
咽,1.0,1.0,1.0,7.0
哀,1.0,0.9411764705882353,0.9696969696969697,17.0
品,1.0,1.0,1.0,10.0
哄,1.0,1.0,1.0,6.0
哇,1.0,1.0,1.0,6.0
哈,1.0,1.0,1.0,6.0
哎,1.0,1.0,1.0,16.0
員,1.0,1.0,1.0,10.0
哥,1.0,1.0,1.0,6.0
哦,1.0,1.0,1.0,6.0
哨,1.0,1.0,1.0,7.0
哩,0.8571428571428571,0.8571428571428571,0.8571428571428571,7.0
哪,1.0,1.0,1.0,6.0
哭,0.8571428571428571,1.0,0.923076923076923,6.0
哲,1.0,1.0,1.0,10.0
哼,1.0,1.0,1.0,6.0
唇,1.0,1.0,1.0,7.0
唐,1.0,1.0,1.0,10.0
唧,1.0,1.0,1.0,17.0
售,1.0,1.0,1.0,6.0
唯,1.0,1.0,1.0,7.0
唱,0.875,1.0,0.9333333333333333,7.0
商,1.0,1.0,1.0,10.0
啊,1.0,1.0,1.0,6.0
問,1.0,1.0,1.0,10.0
啞,1.0,1.0,1.0,6.0
啟,1.0,1.0,1.0,10.0
啡,1.0,1.0,1.0,6.0
啥,1.0,1.0,1.0,7.0
啦,1.0,1.0,1.0,6.0
喀,1.0,1.0,1.0,6.0
喃,1.0,0.9375,0.967741935483871,16.0
善,1.0,1.0,1.0,10.0
喇,1.0,1.0,1.0,6.0
喉,1.0,1.0,1.0,7.0
喊,1.0,0.9375,0.967741935483871,16.0
喘,1.0,1.0,1.0,6.0
喚,1.0,1.0,1.0,7.0
喜,1.0,1.0,1.0,10.0
喝,1.0,1.0,1.0,7.0
喪,1.0,1.0,1.0,7.0
喬,1.0,1.0,1.0,10.0
單,1.0,1.0,1.0,6.0
喲,1.0,1.0,1.0,6.0
喻,1.0,1.0,1.0,17.0
嗎,1.0,1.0,1.0,16.0
嗓,1.0,1.0,1.0,6.0
嗣,1.0,1.0,1.0,17.0
嗯,1.0,1.0,1.0,7.0
嘆,1.0,1.0,1.0,17.0
嘉,1.0,1.0,1.0,10.0
嘗,0.9444444444444444,1.0,0.9714285714285714,17.0
嘛,1.0,1.0,1.0,6.0
嘩,1.0,1.0,1.0,7.0
嘲,0.9411764705882353,1.0,0.9696969696969697,16.0
嘴,1.0,1.0,1.0,16.0
嘻,1.0,1.0,1.0,16.0
嘿,1.0,0.8333333333333334,0.9090909090909091,6.0
噠,1.0,1.0,1.0,6.0
噢,1.0,1.0,1.0,6.0
器,1.0,1.0,1.0,10.0
噪,1.0,1.0,1.0,6.0
噴,1.0,1.0,1.0,7.0
噸,1.0,1.0,1.0,7.0
嚇,1.0,1.0,1.0,7.0
嚦,1.0,1.0,1.0,6.0
嚴,1.0,1.0,1.0,6.0
嚷,1.0,1.0,1.0,6.0
囂,1.0,1.0,1.0,6.0
囊,1.0,1.0,1.0,6.0
囑,1.0,1.0,1.0,6.0
四,1.0,0.7142857142857143,0.8333333333333333,7.0
回,0.9444444444444444,1.0,0.9714285714285714,17.0
因,1.0,1.0,1.0,7.0
囪,1.0,1.0,1.0,17.0
困,1.0,1.0,1.0,7.0
固,1.0,1.0,1.0,7.0
圃,1.0,1.0,1.0,7.0
圈,1.0,0.8333333333333334,0.9090909090909091,6.0
國,1.0,1.0,1.0,10.0
圍,1.0,0.6666666666666666,0.8,6.0
園,1.0,1.0,1.0,10.0
圓,1.0,1.0,1.0,10.0
圖,1.0,0.9,0.9473684210526316,10.0
團,1.0,1.0,1.0,10.0
圜,0.75,1.0,0.8571428571428571,6.0
土,1.0,0.9,0.9473684210526316,10.0
在,0.875,1.0,0.9333333333333333,7.0
地,1.0,1.0,1.0,10.0
址,1.0,1.0,1.0,16.0
均,0.9444444444444444,1.0,0.9714285714285714,17.0
坊,1.0,1.0,1.0,10.0
坎,1.0,1.0,1.0,6.0
坐,1.0,1.0,1.0,7.0
坑,1.0,1.0,1.0,17.0
坡,0.8571428571428571,1.0,0.923076923076923,6.0
坤,1.0,1.0,1.0,10.0
坦,1.0,1.0,1.0,7.0
坪,1.0,1.0,1.0,17.0
坯,1.0,1.0,1.0,6.0
垂,1.0,1.0,1.0,7.0
型,1.0,1.0,1.0,7.0
垮,1.0,1.0,1.0,7.0
埃,1.0,1.0,1.0,6.0
埋,1.0,1.0,1.0,7.0
城,1.0,1.0,1.0,10.0
埔,1.0,1.0,1.0,6.0
域,1.0,1.0,1.0,7.0
執,1.0,1.0,1.0,7.0
培,1.0,1.0,1.0,10.0
基,1.0,1.0,1.0,10.0
堂,1.0,1.0,1.0,10.0
堅,1.0,1.0,1.0,10.0
堆,1.0,1.0,1.0,17.0
堡,1.0,1.0,1.0,10.0
堤,1.0,0.8571428571428571,0.923076923076923,7.0
堪,1.0,1.0,1.0,7.0
堯,1.0,1.0,1.0,10.0
報,1.0,1.0,1.0,10.0
場,1.0,1.0,1.0,10.0
堵,1.0,1.0,1.0,7.0
塊,1.0,0.9411764705882353,0.9696969696969697,17.0
塌,1.0,1.0,1.0,6.0
塑,1.0,1.0,1.0,10.0
塔,1.0,0.8571428571428571,0.923076923076923,7.0
塗,1.0,1.0,1.0,7.0
塘,0.875,1.0,0.9333333333333333,7.0
塞,0.875,1.0,0.9333333333333333,7.0
填,1.0,0.9411764705882353,0.9696969696969697,17.0
塵,1.0,1.0,1.0,7.0
境,1.0,1.0,1.0,10.0
墊,1.0,1.0,1.0,6.0
墓,1.0,1.0,1.0,7.0
增,1.0,0.9375,0.967741935483871,16.0
墨,1.0,1.0,1.0,7.0
墳,1.0,1.0,1.0,17.0
墾,1.0,1.0,1.0,7.0
壁,1.0,1.0,1.0,7.0
壇,1.0,1.0,1.0,7.0
壓,1.0,1.0,1.0,16.0
壘,1.0,1.0,1.0,16.0
壞,0.75,1.0,0.8571428571428571,6.0
壟,1.0,1.0,1.0,16.0
壤,1.0,0.8125,0.896551724137931,16.0
壩,1.0,1.0,1.0,16.0
士,1.0,1.0,1.0,10.0
壯,1.0,1.0,1.0,6.0
壺,1.0,1.0,1.0,6.0
壽,1.0,1.0,1.0,10.0
夏,1.0,1.0,1.0,7.0
夕,1.0,1.0,1.0,17.0
外,1.0,1.0,1.0,7.0
多,1.0,1.0,1.0,10.0
夜,1.0,1.0,1.0,7.0
夠,1.0,1.0,1.0,7.0
夢,1.0,1.0,1.0,7.0
夥,1.0,1.0,1.0,6.0
大,1.0,1.0,1.0,10.0
天,1.0,1.0,1.0,10.0
太,1.0,1.0,1.0,10.0
夫,1.0,1.0,1.0,7.0
央,0.9,0.9,0.9,10.0
失,1.0,1.0,1.0,7.0
夷,1.0,1.0,1.0,7.0
夾,0.8571428571428571,1.0,0.923076923076923,6.0
奇,1.0,1.0,1.0,10.0
奈,1.0,1.0,1.0,7.0
奉,1.0,1.0,1.0,7.0
奏,1.0,1.0,1.0,7.0
契,1.0,1.0,1.0,7.0
奔,1.0,1.0,1.0,7.0
奕,1.0,1.0,1.0,10.0
套,1.0,1.0,1.0,17.0
奠,1.0,1.0,1.0,6.0
奧,1.0,1.0,1.0,6.0
奪,1.0,1.0,1.0,7.0
奮,1.0,1.0,1.0,17.0
女,1.0,1.0,1.0,10.0
奴,1.0,1.0,1.0,17.0
奶,1.0,1.0,1.0,6.0
她,1.0,1.0,1.0,6.0
好,1.0,1.0,1.0,10.0
如,1.0,1.0,1.0,10.0
妃,1.0,1.0,1.0,7.0
妙,1.0,1.0,1.0,17.0
妤,1.0,1.0,1.0,10.0
妥,1.0,1.0,1.0,7.0
妨,1.0,1.0,1.0,17.0
妮,1.0,1.0,1.0,10.0
妹,1.0,0.9,0.9473684210526316,10.0
妻,1.0,1.0,1.0,17.0
姆,1.0,1.0,1.0,6.0
始,1.0,1.0,1.0,7.0
姐,1.0,1.0,1.0,17.0
姑,1.0,1.0,1.0,17.0
姓,1.0,1.0,1.0,7.0
委,1.0,0.9,0.9473684210526316,10.0
姚,1.0,1.0,1.0,10.0
姜,1.0,1.0,1.0,10.0
姦,1.0,1.0,1.0,7.0
姨,1.0,1.0,1.0,6.0
姪,1.0,1.0,1.0,7.0
姬,1.0,1.0,1.0,7.0
姻,1.0,1.0,1.0,7.0
姿,0.9090909090909091,1.0,0.9523809523809523,10.0
威,1.0,1.0,1.0,10.0
娃,1.0,1.0,1.0,7.0
娓,1.0,1.0,1.0,6.0
娘,1.0,1.0,1.0,7.0
娟,1.0,1.0,1.0,10.0
娥,1.0,1.0,1.0,10.0
娶,1.0,1.0,1.0,16.0
婆,1.0,1.0,1.0,7.0
婉,1.0,1.0,1.0,10.0
婕,1.0,1.0,1.0,10.0
婚,1.0,1.0,1.0,7.0
婦,1.0,1.0,1.0,7.0
婷,1.0,1.0,1.0,10.0
媒,1.0,1.0,1.0,10.0
媛,1.0,0.9,0.9473684210526316,10.0
媳,1.0,1.0,1.0,16.0
媽,1.0,1.0,1.0,16.0
嫁,1.0,1.0,1.0,7.0
嫂,1.0,1.0,1.0,6.0
嫌,1.0,1.0,1.0,7.0
嫩,1.0,1.0,1.0,6.0
嬌,1.0,1.0,1.0,10.0
嬰,1.0,1.0,1.0,7.0
嬸,1.0,1.0,1.0,6.0
子,1.0,1.0,1.0,10.0
孔,1.0,1.0,1.0,7.0
孕,1.0,1.0,1.0,16.0
字,1.0,1.0,1.0,7.0
存,1.0,0.8571428571428571,0.923076923076923,7.0
孝,1.0,1.0,1.0,7.0
孟,1.0,0.9,0.9473684210526316,10.0
孢,1.0,1.0,1.0,7.0
季,1.0,1.0,1.0,7.0
孤,1.0,1.0,1.0,7.0
孩,1.0,1.0,1.0,6.0
孫,1.0,1.0,1.0,10.0
孵,1.0,0.9375,0.967741935483871,16.0
學,1.0,1.0,1.0,10.0
它,0.8888888888888888,1.0,0.9411764705882353,16.0
宅,1.0,1.0,1.0,7.0
宇,1.0,1.0,1.0,10.0
守,1.0,1.0,1.0,10.0
安,1.0,1.0,1.0,10.0
宋,1.0,0.9,0.9473684210526316,10.0
完,1.0,1.0,1.0,7.0
宏,1.0,1.0,1.0,10.0
宗,1.0,1.0,1.0,10.0
官,1.0,0.7142857142857143,0.8333333333333333,7.0
宙,1.0,1.0,1.0,17.0
定,1.0,1.0,1.0,10.0
宜,0.9090909090909091,1.0,0.9523809523809523,10.0
客,1.0,1.0,1.0,10.0
宣,1.0,1.0,1.0,10.0
室,1.0,1.0,1.0,10.0
宥,1.0,1.0,1.0,10.0
宦,0.75,1.0,0.8571428571428571,6.0
宮,1.0,1.0,1.0,7.0
宰,1.0,1.0,1.0,7.0
害,1.0,1.0,1.0,7.0
宴,1.0,1.0,1.0,7.0
家,1.0,1.0,1.0,10.0
宸,1.0,1.0,1.0,10.0
容,1.0,0.9,0.9473684210526316,10.0
宿,1.0,1.0,1.0,17.0
寂,1.0,1.0,1.0,7.0
寄,1.0,1.0,1.0,17.0
寅,1.0,1.0,1.0,7.0
密,0.9090909090909091,1.0,0.9523809523809523,10.0
寇,1.0,1.0,1.0,16.0
富,1.0,1.0,1.0,10.0
寒,1.0,1.0,1.0,7.0
寓,1.0,0.9,0.9473684210526316,10.0
察,1.0,0.9411764705882353,0.9696969696969697,17.0
寡,1.0,1.0,1.0,7.0
寥,1.0,1.0,1.0,16.0
實,0.8333333333333334,1.0,0.9090909090909091,10.0
寧,0.9090909090909091,1.0,0.9523809523809523,10.0
寨,1.0,1.0,1.0,6.0
審,1.0,1.0,1.0,7.0
寫,1.0,1.0,1.0,6.0
寬,0.9090909090909091,1.0,0.9523809523809523,10.0
寵,0.875,1.0,0.9333333333333333,7.0
寶,1.0,1.0,1.0,10.0
寸,1.0,0.8571428571428571,0.923076923076923,7.0
寺,1.0,0.8571428571428571,0.923076923076923,7.0
封,1.0,1.0,1.0,17.0
射,1.0,1.0,1.0,7.0
將,1.0,1.0,1.0,6.0
專,1.0,1.0,1.0,10.0
尉,1.0,1.0,1.0,7.0
尊,0.875,1.0,0.9333333333333333,7.0
尋,1.0,1.0,1.0,7.0
對,1.0,1.0,1.0,6.0
導,1.0,1.0,1.0,7.0
小,1.0,1.0,1.0,10.0
少,1.0,1.0,1.0,7.0
尖,1.0,1.0,1.0,7.0
尚,1.0,1.0,1.0,10.0
尤,1.0,1.0,1.0,7.0
就,1.0,1.0,1.0,7.0
尺,1.0,1.0,1.0,7.0
尼,0.9444444444444444,1.0,0.9714285714285714,17.0
尾,1.0,0.9411764705882353,0.9696969696969697,17.0
尿,1.0,1.0,1.0,7.0
局,1.0,1.0,1.0,10.0
屁,1.0,1.0,1.0,6.0
居,1.0,1.0,1.0,10.0
屆,1.0,1.0,1.0,6.0
屈,1.0,1.0,1.0,7.0
屋,1.0,1.0,1.0,10.0
屍,1.0,1.0,1.0,7.0
屏,1.0,1.0,1.0,16.0
屑,1.0,1.0,1.0,7.0
展,1.0,1.0,1.0,10.0
屠,1.0,1.0,1.0,17.0
層,1.0,1.0,1.0,17.0
履,1.0,1.0,1.0,7.0
屬,1.0,1.0,1.0,10.0
屯,1.0,1.0,1.0,7.0
山,1.0,1.0,1.0,10.0
岌,1.0,1.0,1.0,6.0
岐,1.0,0.7142857142857143,0.8333333333333333,7.0
岔,1.0,1.0,1.0,6.0
岡,1.0,1.0,1.0,7.0
岩,1.0,1.0,1.0,17.0
岳,1.0,1.0,1.0,10.0
岸,1.0,1.0,1.0,7.0
峰,1.0,1.0,1.0,10.0
島,1.0,1.0,1.0,7.0
峻,1.0,1.0,1.0,10.0
峽,1.0,1.0,1.0,6.0
崇,1.0,1.0,1.0,10.0
崔,1.0,1.0,1.0,6.0
崖,1.0,1.0,1.0,17.0
崗,1.0,1.0,1.0,6.0
崙,1.0,1.0,1.0,16.0
崩,1.0,1.0,1.0,7.0
嵌,1.0,1.0,1.0,6.0
嶄,1.0,1.0,1.0,16.0
嶺,1.0,1.0,1.0,7.0
嶼,1.0,1.0,1.0,16.0
川,1.0,1.0,1.0,10.0
州,1.0,1.0,1.0,7.0
巡,1.0,0.8571428571428571,0.923076923076923,7.0
巢,1.0,1.0,1.0,17.0
工,1.0,1.0,1.0,10.0
左,0.9444444444444444,1.0,0.9714285714285714,17.0
巧,1.0,1.0,1.0,10.0
巨,1.0,1.0,1.0,10.0
巫,1.0,1.0,1.0,10.0
差,1.0,1.0,1.0,7.0
已,1.0,1.0,1.0,6.0
巴,1.0,1.0,1.0,7.0
巷,0.875,1.0,0.9333333333333333,7.0
巾,1.0,1.0,1.0,17.0
市,1.0,1.0,1.0,10.0
布,1.0,1.0,1.0,7.0
帆,1.0,1.0,1.0,7.0
希,1.0,0.9,0.9473684210526316,10.0
帕,1.0,1.0,1.0,6.0
帝,1.0,1.0,1.0,10.0
帥,1.0,1.0,1.0,7.0
師,1.0,1.0,1.0,10.0
席,1.0,1.0,1.0,17.0
帳,1.0,1.0,1.0,17.0
帶,1.0,1.0,1.0,6.0
常,1.0,1.0,1.0,10.0
帽,1.0,1.0,1.0,7.0
幅,1.0,1.0,1.0,7.0
幕,1.0,1.0,1.0,7.0
幟,1.0,1.0,1.0,6.0
幣,1.0,1.0,1.0,7.0
幫,1.0,1.0,1.0,6.0
平,1.0,1.0,1.0,10.0
年,1.0,1.0,1.0,10.0
幸,1.0,1.0,1.0,10.0
幹,1.0,1.0,1.0,7.0
幻,1.0,1.0,1.0,17.0
幼,1.0,1.0,1.0,10.0
幽,1.0,1.0,1.0,7.0
幾,1.0,1.0,1.0,7.0
床,1.0,1.0,1.0,7.0
序,1.0,1.0,1.0,7.0
底,1.0,1.0,1.0,7.0
店,1.0,1.0,1.0,10.0
庚,1.0,1.0,1.0,7.0
府,1.0,1.0,1.0,7.0
度,1.0,1.0,1.0,7.0
座,1.0,1.0,1.0,17.0
庫,1.0,1.0,1.0,7.0
庭,1.0,1.0,1.0,10.0
庵,1.0,1.0,1.0,7.0
庶,1.0,1.0,1.0,7.0
康,1.0,1.0,1.0,10.0
庸,1.0,1.0,1.0,7.0
廂,1.0,1.0,1.0,6.0
廈,1.0,1.0,1.0,10.0
廉,1.0,1.0,1.0,7.0
廊,1.0,1.0,1.0,7.0
廓,1.0,1.0,1.0,7.0
廖,1.0,1.0,1.0,10.0
廚,1.0,1.0,1.0,16.0
廟,1.0,1.0,1.0,7.0
廠,1.0,1.0,1.0,10.0
廢,1.0,0.875,0.9333333333333333,16.0
廣,1.0,1.0,1.0,10.0
廬,1.0,0.8333333333333334,0.9090909090909091,6.0
廳,1.0,1.0,1.0,6.0
延,1.0,1.0,1.0,7.0
廷,1.0,0.9,0.9473684210526316,10.0
建,1.0,0.9,0.9473684210526316,10.0
弄,1.0,1.0,1.0,17.0
弊,1.0,1.0,1.0,7.0
式,1.0,1.0,1.0,7.0
弓,1.0,1.0,1.0,7.0
引,1.0,1.0,1.0,7.0
弗,1.0,1.0,1.0,17.0
弘,1.0,1.0,1.0,10.0
弟,1.0,1.0,1.0,7.0
弦,1.0,1.0,1.0,17.0
弧,1.0,1.0,1.0,7.0
弱,1.0,0.9411764705882353,0.9696969696969697,17.0
張,1.0,1.0,1.0,10.0
強,1.0,1.0,1.0,10.0
彈,1.0,1.0,1.0,16.0
彌,1.0,1.0,1.0,6.0
彎,1.0,1.0,1.0,6.0
形,1.0,0.9411764705882353,0.9696969696969697,17.0
彥,1.0,1.0,1.0,10.0
彩,1.0,1.0,1.0,10.0
彪,1.0,1.0,1.0,7.0
彬,1.0,0.9,0.9473684210526316,10.0
彭,1.0,1.0,1.0,10.0
彰,1.0,1.0,1.0,10.0
影,1.0,1.0,1.0,10.0
役,0.875,1.0,0.9333333333333333,7.0
彼,1.0,0.8571428571428571,0.923076923076923,7.0
往,1.0,1.0,1.0,7.0
待,0.875,1.0,0.9333333333333333,7.0
很,1.0,1.0,1.0,6.0
律,1.0,1.0,1.0,10.0
後,1.0,0.8571428571428571,0.923076923076923,7.0
徐,1.0,1.0,1.0,10.0
徑,1.0,1.0,1.0,6.0
徒,1.0,0.8571428571428571,0.923076923076923,7.0
得,1.0,1.0,1.0,10.0
徙,1.0,1.0,1.0,6.0
從,1.0,1.0,1.0,6.0
御,1.0,1.0,1.0,10.0
復,1.0,1.0,1.0,10.0
循,1.0,1.0,1.0,7.0
微,1.0,1.0,1.0,7.0
徵,1.0,1.0,1.0,7.0
德,1.0,1.0,1.0,10.0
徹,1.0,1.0,1.0,17.0
徽,1.0,1.0,1.0,17.0
心,1.0,1.0,1.0,10.0
必,1.0,0.9411764705882353,0.9696969696969697,17.0
忉,1.0,1.0,1.0,6.0
忌,0.9444444444444444,1.0,0.9714285714285714,17.0
忍,1.0,1.0,1.0,7.0
志,1.0,1.0,1.0,10.0
忘,1.0,0.9411764705882353,0.9696969696969697,17.0
忙,1.0,1.0,1.0,17.0
忠,1.0,1.0,1.0,10.0
快,1.0,1.0,1.0,7.0
念,0.9090909090909091,1.0,0.9523809523809523,10.0
忽,1.0,1.0,1.0,7.0
忿,1.0,0.8333333333333334,0.9090909090909091,6.0
怎,1.0,1.0,1.0,6.0
怒,1.0,0.8571428571428571,0.923076923076923,7.0
怕,1.0,1.0,1.0,16.0
怖,1.0,1.0,1.0,17.0
思,0.75,0.9,0.8181818181818182,10.0
怡,1.0,1.0,1.0,10.0
急,1.0,1.0,1.0,7.0
性,1.0,1.0,1.0,7.0
怨,0.7777777777777778,1.0,0.8750000000000001,7.0
怪,1.0,1.0,1.0,17.0
恆,1.0,0.9,0.9473684210526316,10.0
恐,1.0,0.8571428571428571,0.923076923076923,7.0
恢,1.0,1.0,1.0,17.0
恥,1.0,1.0,1.0,7.0
恨,1.0,1.0,1.0,7.0
恩,0.875,0.7,0.7777777777777777,10.0
恭,1.0,1.0,1.0,7.0
息,1.0,1.0,1.0,7.0
恰,1.0,1.0,1.0,7.0
悄,1.0,0.8333333333333334,0.9090909090909091,6.0
悅,1.0,1.0,1.0,10.0
悉,1.0,0.8571428571428571,0.923076923076923,7.0
悔,1.0,1.0,1.0,7.0
悟,1.0,1.0,1.0,7.0
悠,1.0,1.0,1.0,17.0
患,1.0,1.0,1.0,17.0
您,1.0,1.0,1.0,6.0
悲,1.0,1.0,1.0,17.0
悶,1.0,1.0,1.0,7.0
悼,1.0,1.0,1.0,7.0
情,1.0,1.0,1.0,7.0
惑,1.0,1.0,1.0,7.0
惕,1.0,1.0,1.0,16.0
惜,1.0,1.0,1.0,17.0
惟,1.0,1.0,1.0,7.0
惠,1.0,1.0,1.0,10.0
惡,0.8888888888888888,1.0,0.9411764705882353,16.0
惱,1.0,1.0,1.0,6.0
想,1.0,1.0,1.0,7.0
惶,1.0,1.0,1.0,6.0
惹,1.0,1.0,1.0,17.0
愁,1.0,1.0,1.0,17.0
愈,1.0,1.0,1.0,7.0
愉,1.0,1.0,1.0,7.0
意,1.0,1.0,1.0,10.0
愚,1.0,1.0,1.0,17.0
愛,1.0,1.0,1.0,10.0
感,1.0,1.0,1.0,17.0
愧,1.0,1.0,1.0,16.0
愷,1.0,1.0,1.0,10.0
慈,1.0,1.0,1.0,10.0
態,1.0,1.0,1.0,7.0
慌,1.0,1.0,1.0,17.0
慎,1.0,1.0,1.0,17.0
慕,1.0,1.0,1.0,17.0
慘,1.0,1.0,1.0,16.0
慢,1.0,1.0,1.0,7.0
慣,1.0,1.0,1.0,7.0
慧,1.0,1.0,1.0,10.0
慨,1.0,1.0,1.0,7.0
慮,1.0,1.0,1.0,7.0
慰,0.875,1.0,0.9333333333333333,7.0
慶,1.0,1.0,1.0,10.0
慷,1.0,1.0,1.0,6.0
憂,1.0,1.0,1.0,17.0
憐,1.0,1.0,1.0,7.0
憑,1.0,1.0,1.0,6.0
憤,1.0,1.0,1.0,7.0
憲,1.0,1.0,1.0,10.0
憶,1.0,1.0,1.0,10.0
憾,1.0,1.0,1.0,7.0
懂,1.0,1.0,1.0,6.0
懇,1.0,1.0,1.0,7.0
應,1.0,1.0,1.0,10.0
懲,1.0,1.0,1.0,7.0
懶,1.0,1.0,1.0,6.0
懷,1.0,1.0,1.0,6.0
懸,1.0,1.0,1.0,7.0
懼,1.0,1.0,1.0,6.0
戀,1.0,0.8333333333333334,0.9090909090909091,6.0
戈,1.0,1.0,1.0,6.0
戊,1.0,1.0,1.0,17.0
成,1.0,1.0,1.0,10.0
我,1.0,1.0,1.0,7.0
戒,1.0,1.0,1.0,7.0
或,1.0,1.0,1.0,7.0
戚,0.9444444444444444,1.0,0.9714285714285714,17.0
戥,1.0,1.0,1.0,7.0
截,1.0,1.0,1.0,6.0
戰,1.0,1.0,1.0,6.0
戲,1.0,1.0,1.0,6.0
戴,1.0,1.0,1.0,10.0
戶,1.0,1.0,1.0,10.0
房,1.0,1.0,1.0,10.0
所,1.0,1.0,1.0,10.0
扁,1.0,1.0,1.0,6.0
扇,1.0,1.0,1.0,7.0
手,1.0,1.0,1.0,17.0
才,0.875,1.0,0.9333333333333333,7.0
扎,1.0,1.0,1.0,16.0
打,1.0,1.0,1.0,7.0
扔,1.0,1.0,1.0,6.0
托,1.0,1.0,1.0,7.0
扣,1.0,1.0,1.0,6.0
扭,1.0,1.0,1.0,6.0
扮,1.0,1.0,1.0,7.0
扯,1.0,1.0,1.0,6.0
扳,1.0,1.0,1.0,6.0
扶,1.0,1.0,1.0,10.0
批,1.0,1.0,1.0,7.0
扼,1.0,1.0,1.0,6.0
找,1.0,1.0,1.0,16.0
承,1.0,1.0,1.0,10.0
技,1.0,1.0,1.0,10.0
抄,1.0,1.0,1.0,7.0
把,1.0,1.0,1.0,17.0
抑,1.0,1.0,1.0,7.0
抒,1.0,1.0,1.0,6.0
抓,1.0,1.0,1.0,6.0
投,1.0,0.9,0.9473684210526316,10.0
抖,1.0,1.0,1.0,16.0
抗,1.0,1.0,1.0,7.0
折,1.0,1.0,1.0,17.0
披,1.0,0.8571428571428571,0.923076923076923,7.0
抬,0.9375,0.9375,0.9375,16.0
抱,1.0,0.9411764705882353,0.9696969696969697,17.0
抵,1.0,1.0,1.0,7.0
抹,1.0,1.0,1.0,7.0
押,1.0,1.0,1.0,17.0
抽,1.0,1.0,1.0,7.0
拂,1.0,1.0,1.0,16.0
拄,0.9411764705882353,1.0,0.9696969696969697,16.0
拆,1.0,1.0,1.0,6.0
拇,1.0,0.8333333333333334,0.9090909090909091,6.0
拉,1.0,1.0,1.0,10.0
拋,1.0,1.0,1.0,17.0
拌,1.0,1.0,1.0,6.0
拍,1.0,1.0,1.0,17.0
拐,1.0,1.0,1.0,7.0
拒,1.0,1.0,1.0,17.0
拓,1.0,1.0,1.0,10.0
拔,1.0,1.0,1.0,6.0
拖,1.0,1.0,1.0,6.0
拘,1.0,1.0,1.0,7.0
拚,1.0,1.0,1.0,6.0
招,1.0,1.0,1.0,7.0
拜,1.0,1.0,1.0,6.0
括,1.0,1.0,1.0,7.0
拱,0.8571428571428571,1.0,0.923076923076923,6.0
拳,1.0,1.0,1.0,7.0
拴,1.0,1.0,1.0,6.0
拼,1.0,1.0,1.0,16.0
拾,0.9411764705882353,0.9411764705882353,0.9411764705882353,17.0
拿,1.0,1.0,1.0,6.0
持,1.0,1.0,1.0,7.0
指,1.0,0.8571428571428571,0.923076923076923,7.0
按,1.0,0.8571428571428571,0.923076923076923,7.0
挑,1.0,1.0,1.0,7.0
挖,1.0,1.0,1.0,16.0
挨,1.0,1.0,1.0,7.0
挪,1.0,1.0,1.0,16.0
挫,1.0,1.0,1.0,7.0
振,1.0,1.0,1.0,10.0
挺,1.0,1.0,1.0,7.0
挽,1.0,1.0,1.0,7.0
捅,1.0,1.0,1.0,7.0
捆,1.0,1.0,1.0,6.0
捉,1.0,1.0,1.0,7.0
捍,1.0,1.0,1.0,6.0
捏,1.0,1.0,1.0,6.0
捐,0.8571428571428571,1.0,0.923076923076923,6.0
捕,1.0,1.0,1.0,7.0
捧,0.875,1.0,0.9333333333333333,7.0
捷,1.0,1.0,1.0,10.0
捻,1.0,1.0,1.0,7.0
掀,1.0,1.0,1.0,6.0
掃,1.0,1.0,1.0,7.0
授,0.875,1.0,0.9333333333333333,7.0
掉,1.0,1.0,1.0,16.0
掌,1.0,1.0,1.0,17.0
掏,1.0,1.0,1.0,6.0
排,1.0,1.0,1.0,7.0
掘,1.0,1.0,1.0,7.0
掙,1.0,1.0,1.0,6.0
掛,1.0,1.0,1.0,17.0
掠,0.875,1.0,0.9333333333333333,7.0
採,0.6666666666666666,0.8571428571428571,0.75,7.0
探,0.875,1.0,0.9333333333333333,7.0
接,0.875,1.0,0.9333333333333333,7.0
控,1.0,1.0,1.0,7.0
推,1.0,1.0,1.0,7.0
掩,1.0,1.0,1.0,7.0
措,1.0,0.8571428571428571,0.923076923076923,7.0
揀,0.9375,0.9375,0.9375,16.0
揉,1.0,0.6666666666666666,0.8,6.0
描,1.0,1.0,1.0,7.0
提,0.875,1.0,0.9333333333333333,7.0
插,1.0,1.0,1.0,6.0
揚,1.0,1.0,1.0,10.0
換,1.0,1.0,1.0,7.0
握,1.0,1.0,1.0,7.0
揭,1.0,0.8571428571428571,0.923076923076923,7.0
揮,1.0,1.0,1.0,7.0
援,1.0,0.8823529411764706,0.9375,17.0
損,1.0,1.0,1.0,17.0
搏,1.0,0.9375,0.967741935483871,16.0
搓,1.0,1.0,1.0,6.0
搖,1.0,1.0,1.0,16.0
搗,1.0,1.0,1.0,6.0
搜,1.0,1.0,1.0,16.0
搞,1.0,0.6666666666666666,0.8,6.0
搪,1.0,0.8333333333333334,0.9090909090909091,6.0
搬,0.875,1.0,0.9333333333333333,7.0
搭,0.9444444444444444,1.0,0.9714285714285714,17.0
搶,0.9411764705882353,1.0,0.9696969696969697,16.0
摃,0.6666666666666666,0.5,0.5714285714285715,4.0
摔,1.0,1.0,1.0,16.0
摘,0.7777777777777778,1.0,0.8750000000000001,7.0
摧,1.0,1.0,1.0,6.0
摩,1.0,1.0,1.0,7.0
摸,1.0,1.0,1.0,17.0
撇,1.0,1.0,1.0,6.0
撈,1.0,1.0,1.0,16.0
撐,1.0,1.0,1.0,6.0
撒,0.8571428571428571,0.8571428571428571,0.8571428571428571,7.0
撓,1.0,1.0,1.0,6.0
撕,1.0,1.0,1.0,6.0
撞,1.0,1.0,1.0,7.0
撤,1.0,0.8571428571428571,0.923076923076923,7.0
撥,1.0,1.0,1.0,16.0
撫,1.0,1.0,1.0,7.0
播,1.0,1.0,1.0,7.0
撰,1.0,1.0,1.0,7.0
撲,1.0,1.0,1.0,17.0
撾,1.0,1.0,1.0,6.0
擁,1.0,1.0,1.0,17.0
擅,1.0,1.0,1.0,16.0
擇,0.8571428571428571,1.0,0.923076923076923,6.0
擊,1.0,1.0,1.0,16.0
擋,0.8888888888888888,1.0,0.9411764705882353,16.0
操,1.0,1.0,1.0,7.0
擔,1.0,1.0,1.0,6.0
據,1.0,1.0,1.0,16.0
擠,1.0,1.0,1.0,16.0
擦,1.0,1.0,1.0,17.0
擬,1.0,0.8823529411764706,0.9375,17.0
擰,1.0,1.0,1.0,16.0
擱,1.0,1.0,1.0,6.0
擲,1.0,1.0,1.0,16.0
擴,1.0,1.0,1.0,6.0
擺,1.0,1.0,1.0,6.0
擾,1.0,1.0,1.0,7.0
攀,1.0,1.0,1.0,6.0
攏,1.0,1.0,1.0,16.0
攔,1.0,1.0,1.0,6.0
攜,1.0,0.8333333333333334,0.9090909090909091,6.0
攝,1.0,1.0,1.0,6.0
攤,1.0,1.0,1.0,6.0
攪,1.0,1.0,1.0,6.0
攬,1.0,1.0,1.0,6.0
支,1.0,1.0,1.0,7.0
收,1.0,1.0,1.0,16.0
改,1.0,0.8571428571428571,0.923076923076923,7.0
攻,0.875,1.0,0.9333333333333333,7.0
放,1.0,1.0,1.0,17.0
政,1.0,1.0,1.0,10.0
故,1.0,1.0,1.0,7.0
效,1.0,1.0,1.0,6.0
敏,1.0,1.0,1.0,10.0
救,1.0,1.0,1.0,7.0
敗,1.0,1.0,1.0,17.0
敘,1.0,1.0,1.0,16.0
教,1.0,1.0,1.0,10.0
敞,1.0,1.0,1.0,6.0
敢,1.0,1.0,1.0,7.0
散,1.0,1.0,1.0,7.0
敦,1.0,1.0,1.0,10.0
敬,1.0,1.0,1.0,10.0
敲,1.0,1.0,1.0,6.0
整,1.0,1.0,1.0,10.0
敵,1.0,1.0,1.0,7.0
敷,0.875,1.0,0.9333333333333333,7.0
數,1.0,1.0,1.0,10.0
斃,1.0,1.0,1.0,6.0
文,1.0,1.0,1.0,10.0
斌,1.0,1.0,1.0,10.0
斑,1.0,1.0,1.0,7.0
料,1.0,1.0,1.0,10.0
斜,1.0,1.0,1.0,7.0
斤,0.875,1.0,0.9333333333333333,7.0
斥,1.0,0.9411764705882353,0.9696969696969697,17.0
斬,1.0,1.0,1.0,7.0
斯,1.0,1.0,1.0,10.0
新,1.0,1.0,1.0,10.0
斷,1.0,1.0,1.0,6.0
方,1.0,1.0,1.0,10.0
施,1.0,1.0,1.0,10.0
旁,1.0,1.0,1.0,6.0
旅,1.0,1.0,1.0,10.0
旋,1.0,1.0,1.0,7.0
族,1.0,1.0,1.0,17.0
旗,1.0,0.9411764705882353,0.9696969696969697,17.0
既,1.0,1.0,1.0,17.0
日,0.9090909090909091,1.0,0.9523809523809523,10.0
旦,1.0,1.0,1.0,7.0
旨,1.0,0.8571428571428571,0.923076923076923,7.0
早,0.8571428571428571,0.8571428571428571,0.8571428571428571,7.0
旬,1.0,1.0,1.0,7.0
旭,1.0,1.0,1.0,10.0
旱,0.8571428571428571,1.0,0.923076923076923,6.0
旺,1.0,1.0,1.0,10.0
旻,1.0,1.0,1.0,10.0
昂,1.0,1.0,1.0,7.0
昆,1.0,0.9,0.9473684210526316,10.0
昇,1.0,1.0,1.0,10.0
昌,1.0,0.9,0.9473684210526316,10.0
明,1.0,1.0,1.0,10.0
昏,1.0,0.9411764705882353,0.9696969696969697,17.0
易,1.0,1.0,1.0,10.0
昔,1.0,1.0,1.0,7.0
昕,1.0,1.0,1.0,10.0
星,0.9090909090909091,1.0,0.9523809523809523,10.0
映,1.0,1.0,1.0,10.0
春,1.0,1.0,1.0,10.0
昨,1.0,1.0,1.0,7.0
昭,0.8333333333333334,1.0,0.9090909090909091,10.0
是,1.0,1.0,1.0,17.0
昱,1.0,1.0,1.0,10.0
昶,1.0,1.0,1.0,10.0
時,1.0,1.0,1.0,10.0
晃,1.0,1.0,1.0,17.0
晉,1.0,1.0,1.0,10.0
晚,1.0,1.0,1.0,7.0
晝,0.8333333333333334,0.9375,0.8823529411764706,16.0
晟,1.0,1.0,1.0,10.0
晨,1.0,1.0,1.0,10.0
普,1.0,1.0,1.0,10.0
景,1.0,1.0,1.0,10.0
晰,1.0,1.0,1.0,6.0
晴,1.0,1.0,1.0,10.0
晶,1.0,1.0,1.0,10.0
智,0.9090909090909091,1.0,0.9523809523809523,10.0
暈,1.0,1.0,1.0,6.0
暉,1.0,1.0,1.0,10.0
暑,1.0,1.0,1.0,7.0
暖,1.0,1.0,1.0,7.0
暗,1.0,1.0,1.0,7.0
暘,1.0,1.0,1.0,10.0
暢,1.0,1.0,1.0,7.0
暫,1.0,1.0,1.0,17.0
暮,1.0,1.0,1.0,17.0
暴,1.0,1.0,1.0,17.0
曇,1.0,1.0,1.0,7.0
曉,1.0,1.0,1.0,10.0
曜,1.0,1.0,1.0,10.0
曝,1.0,1.0,1.0,17.0
曠,1.0,1.0,1.0,16.0
曬,1.0,1.0,1.0,6.0
曰,1.0,0.8333333333333334,0.9090909090909091,6.0
曲,1.0,1.0,1.0,7.0
更,1.0,1.0,1.0,7.0
書,1.0,1.0,1.0,10.0
曹,1.0,0.9,0.9473684210526316,10.0
曼,1.0,1.0,1.0,16.0
曾,1.0,1.0,1.0,10.0
替,1.0,1.0,1.0,17.0
最,1.0,1.0,1.0,17.0
會,1.0,1.0,1.0,10.0
月,1.0,0.9,0.9473684210526316,10.0
有,1.0,0.9,0.9473684210526316,10.0
朋,1.0,1.0,1.0,7.0
服,1.0,1.0,1.0,10.0
朕,1.0,1.0,1.0,17.0
朗,1.0,1.0,1.0,17.0
望,1.0,1.0,1.0,7.0
朝,0.9090909090909091,1.0,0.9523809523809523,10.0
期,1.0,0.9,0.9473684210526316,10.0
木,1.0,1.0,1.0,10.0
未,0.7777777777777778,1.0,0.8750000000000001,7.0
末,1.0,0.9411764705882353,0.9696969696969697,17.0
本,1.0,1.0,1.0,10.0
朱,0.9090909090909091,1.0,0.9523809523809523,10.0
朵,1.0,1.0,1.0,17.0
朽,1.0,1.0,1.0,17.0
杉,0.875,1.0,0.9333333333333333,7.0
李,1.0,1.0,1.0,10.0
杏,1.0,1.0,1.0,7.0
材,1.0,1.0,1.0,10.0
村,1.0,1.0,1.0,10.0
杜,1.0,1.0,1.0,10.0
束,0.7142857142857143,0.7142857142857143,0.7142857142857143,7.0
杭,1.0,1.0,1.0,7.0
杯,1.0,1.0,1.0,7.0
杰,0.9090909090909091,1.0,0.9523809523809523,10.0
東,1.0,1.0,1.0,10.0
松,1.0,1.0,1.0,10.0
板,1.0,1.0,1.0,17.0
枉,1.0,1.0,1.0,6.0
析,1.0,1.0,1.0,7.0
枕,0.875,1.0,0.9333333333333333,7.0
林,1.0,1.0,1.0,10.0
枚,0.7777777777777778,1.0,0.8750000000000001,7.0
果,1.0,1.0,1.0,10.0
枝,1.0,1.0,1.0,10.0
枯,1.0,1.0,1.0,7.0
架,1.0,1.0,1.0,17.0
柄,1.0,1.0,1.0,7.0
柏,1.0,1.0,1.0,10.0
某,1.0,1.0,1.0,17.0
染,1.0,1.0,1.0,7.0
柔,1.0,0.9,0.9473684210526316,10.0
查,1.0,1.0,1.0,7.0
柬,0.9333333333333333,0.875,0.9032258064516129,16.0
柯,1.0,1.0,1.0,10.0
柱,1.0,0.9411764705882353,0.9696969696969697,17.0
柳,1.0,1.0,1.0,7.0
柴,1.0,0.9411764705882353,0.9696969696969697,17.0
柵,1.0,1.0,1.0,17.0
栓,1.0,1.0,1.0,7.0
校,1.0,0.8571428571428571,0.923076923076923,7.0
株,1.0,1.0,1.0,7.0
核,1.0,1.0,1.0,7.0
根,1.0,1.0,1.0,7.0
格,1.0,1.0,1.0,10.0
栽,1.0,1.0,1.0,17.0
桂,1.0,1.0,1.0,10.0
桃,1.0,1.0,1.0,10.0
桅,1.0,1.0,1.0,6.0
框,1.0,1.0,1.0,6.0
案,1.0,0.8571428571428571,0.923076923076923,7.0
桉,1.0,0.7142857142857143,0.8333333333333333,7.0
桌,1.0,1.0,1.0,16.0
桐,1.0,1.0,1.0,7.0
桑,1.0,1.0,1.0,17.0
桔,1.0,1.0,1.0,7.0
桿,1.0,1.0,1.0,6.0
梁,1.0,1.0,1.0,10.0
梅,1.0,1.0,1.0,10.0
梗,1.0,1.0,1.0,7.0
條,1.0,1.0,1.0,6.0
梢,1.0,1.0,1.0,17.0
梨,1.0,1.0,1.0,17.0
梭,1.0,1.0,1.0,6.0
梯,1.0,1.0,1.0,7.0
械,1.0,1.0,1.0,10.0
梳,1.0,1.0,1.0,16.0
棄,1.0,1.0,1.0,17.0
棉,1.0,1.0,1.0,7.0
棋,1.0,1.0,1.0,10.0
棍,1.0,1.0,1.0,6.0
棒,1.0,0.8571428571428571,0.923076923076923,7.0
棕,1.0,1.0,1.0,16.0
棗,1.0,1.0,1.0,6.0
棚,1.0,1.0,1.0,7.0
棟,1.0,1.0,1.0,17.0
森,1.0,1.0,1.0,10.0
棲,1.0,1.0,1.0,7.0
棵,1.0,1.0,1.0,16.0
椅,1.0,1.0,1.0,7.0
植,1.0,1.0,1.0,7.0
椒,1.0,1.0,1.0,6.0
楊,1.0,1.0,1.0,10.0
楔,1.0,1.0,1.0,6.0
楚,1.0,1.0,1.0,7.0
業,1.0,1.0,1.0,10.0
極,1.0,1.0,1.0,17.0
概,1.0,0.8571428571428571,0.923076923076923,7.0
榕,1.0,1.0,1.0,10.0
榜,1.0,1.0,1.0,6.0
榨,1.0,1.0,1.0,6.0
榮,1.0,1.0,1.0,10.0
榴,1.0,1.0,1.0,6.0
構,1.0,1.0,1.0,7.0
槍,1.0,0.8571428571428571,0.923076923076923,7.0
槐,1.0,1.0,1.0,6.0
槓,1.0,0.3333333333333333,0.5,3.0
槽,1.0,1.0,1.0,17.0
樁,1.0,1.0,1.0,6.0
樂,1.0,1.0,1.0,10.0
樓,1.0,1.0,1.0,10.0
標,0.875,1.0,0.9333333333333333,7.0
樞,1.0,1.0,1.0,16.0
模,1.0,1.0,1.0,7.0
樣,1.0,1.0,1.0,16.0
樸,1.0,1.0,1.0,6.0
樹,1.0,1.0,1.0,10.0
樺,1.0,1.0,1.0,10.0
橋,1.0,1.0,1.0,10.0
機,1.0,1.0,1.0,10.0
橡,1.0,1.0,1.0,7.0
橢,1.0,1.0,1.0,6.0
橫,1.0,1.0,1.0,6.0
檔,1.0,0.8571428571428571,0.923076923076923,7.0
檢,1.0,1.0,1.0,6.0
櫃,1.0,0.9375,0.967741935483871,16.0
櫻,1.0,0.9411764705882353,0.9696969696969697,17.0
欄,1.0,1.0,1.0,7.0
權,1.0,1.0,1.0,10.0
欠,0.8571428571428571,0.8571428571428571,0.8571428571428571,7.0
次,1.0,1.0,1.0,17.0
欣,1.0,1.0,1.0,10.0
欲,0.875,1.0,0.9333333333333333,7.0
欸,1.0,1.0,1.0,6.0
欺,1.0,1.0,1.0,7.0
欽,1.0,1.0,1.0,10.0
款,1.0,1.0,1.0,10.0
歇,1.0,1.0,1.0,6.0
歉,1.0,1.0,1.0,6.0
歌,1.0,1.0,1.0,7.0
歐,1.0,1.0,1.0,10.0
歡,1.0,1.0,1.0,6.0
止,1.0,1.0,1.0,7.0
正,1.0,1.0,1.0,10.0
此,1.0,1.0,1.0,7.0
步,1.0,1.0,1.0,17.0
武,1.0,1.0,1.0,10.0
歧,0.75,1.0,0.8571428571428571,6.0
歪,1.0,1.0,1.0,7.0
歲,1.0,0.8571428571428571,0.923076923076923,7.0
歷,1.0,1.0,1.0,7.0
歸,1.0,1.0,1.0,16.0
死,1.0,1.0,1.0,7.0
殊,1.0,1.0,1.0,7.0
殖,1.0,1.0,1.0,7.0
殘,1.0,1.0,1.0,6.0
殲,1.0,1.0,1.0,16.0
段,1.0,1.0,1.0,7.0
殷,0.9411764705882353,1.0,0.9696969696969697,16.0
殺,0.875,1.0,0.9333333333333333,7.0
殼,1.0,1.0,1.0,16.0
殿,1.0,1.0,1.0,7.0
毀,1.0,1.0,1.0,6.0
毅,1.0,1.0,1.0,10.0
母,1.0,1.0,1.0,7.0
每,1.0,1.0,1.0,7.0
毒,1.0,1.0,1.0,7.0
毓,1.0,1.0,1.0,10.0
比,0.9444444444444444,1.0,0.9714285714285714,17.0
毛,1.0,1.0,1.0,17.0
毫,1.0,1.0,1.0,6.0
毯,1.0,1.0,1.0,16.0
氏,1.0,1.0,1.0,7.0
民,1.0,1.0,1.0,10.0
氓,1.0,1.0,1.0,6.0
氘,1.0,1.0,1.0,7.0
氛,0.8571428571428571,1.0,0.923076923076923,6.0
氟,1.0,1.0,1.0,6.0
氣,1.0,1.0,1.0,10.0
氦,1.0,1.0,1.0,16.0
氧,1.0,1.0,1.0,16.0
氨,0.9411764705882353,1.0,0.9696969696969697,16.0
氫,1.0,0.8571428571428571,0.923076923076923,7.0
氮,1.0,1.0,1.0,16.0
氯,1.0,1.0,1.0,7.0
氰,1.0,1.0,1.0,7.0
水,1.0,1.0,1.0,10.0
永,1.0,1.0,1.0,10.0
汁,1.0,1.0,1.0,7.0
求,0.9411764705882353,0.9411764705882353,0.9411764705882353,17.0
汗,1.0,1.0,1.0,7.0
汛,1.0,1.0,1.0,6.0
汝,1.0,0.9411764705882353,0.9696969696969697,17.0
汞,0.8571428571428571,1.0,0.923076923076923,6.0
江,1.0,1.0,1.0,10.0
池,0.9090909090909091,1.0,0.9523809523809523,10.0
污,1.0,1.0,1.0,7.0
汪,1.0,1.0,1.0,16.0
汰,1.0,1.0,1.0,7.0
決,1.0,0.8571428571428571,0.923076923076923,7.0
汽,1.0,1.0,1.0,10.0
沃,1.0,1.0,1.0,7.0
沈,1.0,1.0,1.0,10.0
沉,1.0,1.0,1.0,6.0
沒,0.8571428571428571,1.0,0.923076923076923,6.0
沙,1.0,1.0,1.0,10.0
沛,1.0,1.0,1.0,10.0
沫,1.0,1.0,1.0,7.0
河,1.0,1.0,1.0,17.0
沸,1.0,1.0,1.0,7.0
油,1.0,1.0,1.0,10.0
治,1.0,1.0,1.0,10.0
沾,1.0,1.0,1.0,16.0
沿,1.0,1.0,1.0,17.0
況,1.0,1.0,1.0,7.0
泉,1.0,1.0,1.0,10.0
泊,1.0,1.0,1.0,7.0
泌,1.0,0.9411764705882353,0.9696969696969697,17.0
泓,1.0,1.0,1.0,10.0
法,1.0,1.0,1.0,10.0
泛,0.9411764705882353,1.0,0.9696969696969697,16.0
泡,1.0,1.0,1.0,17.0
波,1.0,0.9411764705882353,0.9696969696969697,17.0
泣,1.0,1.0,1.0,7.0
泥,1.0,1.0,1.0,7.0
注,1.0,1.0,1.0,7.0
泰,1.0,1.0,1.0,10.0
泳,1.0,1.0,1.0,7.0
泵,1.0,0.8571428571428571,0.923076923076923,7.0
洋,1.0,1.0,1.0,10.0
洗,1.0,1.0,1.0,17.0
洛,1.0,1.0,1.0,7.0
洞,1.0,1.0,1.0,7.0
津,0.9090909090909091,1.0,0.9523809523809523,10.0
洩,0.6666666666666666,0.5,0.5714285714285715,4.0
洪,1.0,1.0,1.0,10.0
洲,1.0,1.0,1.0,10.0
洶,1.0,1.0,1.0,16.0
活,1.0,1.0,1.0,10.0
派,1.0,1.0,1.0,7.0
流,1.0,1.0,1.0,10.0
浙,1.0,1.0,1.0,16.0
浦,1.0,1.0,1.0,7.0
浩,1.0,1.0,1.0,10.0
浪,1.0,1.0,1.0,7.0
浮,1.0,1.0,1.0,7.0
浴,1.0,1.0,1.0,7.0
海,1.0,1.0,1.0,10.0
浸,0.9444444444444444,1.0,0.9714285714285714,17.0
涅,0.8571428571428571,1.0,0.923076923076923,6.0
消,1.0,1.0,1.0,10.0
涉,1.0,1.0,1.0,17.0
液,1.0,1.0,1.0,17.0
涵,1.0,1.0,1.0,10.0
涼,1.0,0.9411764705882353,0.9696969696969697,17.0
淆,1.0,1.0,1.0,6.0
淋,1.0,1.0,1.0,7.0
淑,1.0,1.0,1.0,10.0
淒,1.0,1.0,1.0,6.0
淘,1.0,1.0,1.0,7.0
淚,1.0,0.9411764705882353,0.9696969696969697,17.0
淡,1.0,1.0,1.0,7.0
淤,1.0,1.0,1.0,6.0
淨,1.0,1.0,1.0,10.0
淪,1.0,1.0,1.0,6.0
淫,1.0,1.0,1.0,7.0
淮,1.0,1.0,1.0,6.0
深,1.0,1.0,1.0,17.0
淵,1.0,1.0,1.0,17.0
混,1.0,1.0,1.0,7.0
淹,1.0,1.0,1.0,16.0
淺,1.0,1.0,1.0,16.0
添,1.0,1.0,1.0,10.0
清,1.0,1.0,1.0,10.0
減,1.0,1.0,1.0,17.0
渠,1.0,1.0,1.0,7.0
渡,1.0,1.0,1.0,7.0
渣,1.0,1.0,1.0,16.0
渥,1.0,1.0,1.0,17.0
渦,1.0,1.0,1.0,7.0
測,1.0,1.0,1.0,7.0
港,1.0,1.0,1.0,7.0
渴,1.0,1.0,1.0,7.0
游,1.0,1.0,1.0,10.0
渾,1.0,1.0,1.0,6.0
湊,1.0,1.0,1.0,7.0
湖,1.0,1.0,1.0,17.0
湘,1.0,1.0,1.0,7.0
湧,1.0,1.0,1.0,7.0
湯,1.0,1.0,1.0,10.0
溉,1.0,1.0,1.0,7.0
源,1.0,1.0,1.0,10.0
準,1.0,1.0,1.0,7.0
溜,1.0,1.0,1.0,7.0
溝,1.0,1.0,1.0,7.0
溢,1.0,0.9411764705882353,0.9696969696969697,17.0
溪,0.9411764705882353,1.0,0.9696969696969697,16.0
溫,1.0,1.0,1.0,7.0
溴,0.875,1.0,0.9333333333333333,7.0
溶,1.0,1.0,1.0,7.0
滅,1.0,1.0,1.0,7.0
滇,1.0,1.0,1.0,16.0
滋,1.0,1.0,1.0,7.0
滌,1.0,1.0,1.0,6.0
滑,1.0,1.0,1.0,7.0
滔,1.0,1.0,1.0,6.0
滬,1.0,1.0,1.0,16.0
滯,1.0,1.0,1.0,16.0
滲,1.0,1.0,1.0,7.0
滴,1.0,1.0,1.0,7.0
滷,0.25,0.3333333333333333,0.28571428571428575,3.0
滸,1.0,1.0,1.0,6.0
滾,1.0,1.0,1.0,16.0
滿,1.0,1.0,1.0,6.0
漁,1.0,1.0,1.0,10.0
漂,1.0,1.0,1.0,7.0
漆,1.0,1.0,1.0,7.0
漏,1.0,1.0,1.0,17.0
演,1.0,1.0,1.0,17.0
漠,1.0,1.0,1.0,7.0
漢,1.0,1.0,1.0,10.0
漫,1.0,1.0,1.0,17.0
漬,1.0,1.0,1.0,7.0
漲,1.0,1.0,1.0,16.0
漸,1.0,1.0,1.0,7.0
漿,1.0,1.0,1.0,6.0
潑,1.0,1.0,1.0,6.0
潔,1.0,1.0,1.0,10.0
潘,1.0,1.0,1.0,10.0
潛,1.0,1.0,1.0,16.0
潤,1.0,1.0,1.0,10.0
潭,1.0,1.0,1.0,16.0
潮,1.0,1.0,1.0,17.0
潰,0.7777777777777778,1.0,0.8750000000000001,7.0
澄,1.0,1.0,1.0,10.0
澆,1.0,1.0,1.0,16.0
澇,1.0,1.0,1.0,6.0
澤,1.0,1.0,1.0,10.0
澱,1.0,1.0,1.0,17.0
澳,1.0,0.8333333333333334,0.9090909090909091,6.0
激,1.0,0.9411764705882353,0.9696969696969697,17.0
濁,1.0,1.0,1.0,7.0
濃,1.0,1.0,1.0,7.0
濕,1.0,0.8333333333333334,0.9090909090909091,6.0
濟,1.0,0.9375,0.967741935483871,16.0
濤,1.0,1.0,1.0,6.0
濫,1.0,1.0,1.0,7.0
濱,1.0,0.6666666666666666,0.8,6.0
濺,1.0,0.9375,0.967741935483871,16.0
濾,1.0,1.0,1.0,6.0
瀚,1.0,1.0,1.0,10.0
瀝,1.0,0.9375,0.967741935483871,16.0
瀾,1.0,1.0,1.0,6.0
灌,1.0,1.0,1.0,16.0
灑,1.0,0.9375,0.967741935483871,16.0
灘,1.0,0.8571428571428571,0.923076923076923,7.0
灣,1.0,1.0,1.0,10.0
火,1.0,1.0,1.0,7.0
灰,1.0,1.0,1.0,7.0
灶,0.9411764705882353,1.0,0.9696969696969697,16.0
灼,1.0,1.0,1.0,17.0
災,1.0,0.8571428571428571,0.923076923076923,7.0
炊,1.0,1.0,1.0,7.0
炎,0.8888888888888888,0.9411764705882353,0.9142857142857143,17.0
炒,1.0,1.0,1.0,16.0
炕,1.0,1.0,1.0,6.0
炭,1.0,0.9411764705882353,0.9696969696969697,17.0
炳,0.9090909090909091,1.0,0.9523809523809523,10.0
炸,1.0,0.9375,0.967741935483871,16.0
為,1.0,1.0,1.0,7.0
烈,1.0,1.0,1.0,17.0
烏,1.0,0.9411764705882353,0.9696969696969697,17.0
烘,0.8571428571428571,1.0,0.923076923076923,6.0
烤,1.0,1.0,1.0,6.0
烯,1.0,1.0,1.0,7.0
烴,1.0,1.0,1.0,7.0
烷,1.0,1.0,1.0,7.0
烹,0.9444444444444444,1.0,0.9714285714285714,17.0
焉,1.0,1.0,1.0,6.0
焊,1.0,1.0,1.0,7.0
焚,1.0,1.0,1.0,17.0
無,1.0,1.0,1.0,7.0
焦,1.0,1.0,1.0,7.0
焰,1.0,1.0,1.0,6.0
然,1.0,0.8571428571428571,0.923076923076923,7.0
煉,1.0,1.0,1.0,7.0
煌,1.0,1.0,1.0,10.0
煎,1.0,0.9411764705882353,0.9696969696969697,17.0
煒,1.0,1.0,1.0,10.0
煙,1.0,1.0,1.0,7.0
煜,1.0,1.0,1.0,10.0
煞,1.0,1.0,1.0,6.0
煤,1.0,1.0,1.0,7.0
煥,1.0,1.0,1.0,6.0
照,1.0,0.8,0.888888888888889,10.0
煩,1.0,1.0,1.0,17.0
煮,1.0,1.0,1.0,17.0
煽,0.875,1.0,0.9333333333333333,7.0
熄,1.0,1.0,1.0,6.0
熊,1.0,1.0,1.0,7.0
熒,1.0,1.0,1.0,6.0
熔,1.0,1.0,1.0,7.0
熙,1.0,1.0,1.0,6.0
熟,1.0,1.0,1.0,7.0
熬,1.0,1.0,1.0,6.0
熱,1.0,1.0,1.0,7.0
燃,1.0,0.8571428571428571,0.923076923076923,7.0
燈,1.0,1.0,1.0,17.0
燒,1.0,1.0,1.0,16.0
燕,0.9090909090909091,1.0,0.9523809523809523,10.0
燙,1.0,0.8125,0.896551724137931,16.0
營,1.0,1.0,1.0,10.0
燥,1.0,1.0,1.0,7.0
燦,1.0,1.0,1.0,10.0
燭,1.0,0.9411764705882353,0.9696969696969697,17.0
燿,1.0,1.0,1.0,10.0
爆,1.0,1.0,1.0,17.0
爐,0.8571428571428571,1.0,0.923076923076923,6.0
爛,1.0,1.0,1.0,6.0
爬,1.0,1.0,1.0,17.0
爭,0.8571428571428571,1.0,0.923076923076923,6.0
爵,1.0,1.0,1.0,7.0
父,1.0,1.0,1.0,17.0
爸,1.0,1.0,1.0,6.0
爹,1.0,1.0,1.0,6.0
爺,1.0,1.0,1.0,7.0
爽,1.0,1.0,1.0,17.0
爾,1.0,1.0,1.0,10.0
牆,1.0,1.0,1.0,6.0
片,1.0,1.0,1.0,7.0
版,1.0,1.0,1.0,7.0
牌,1.0,1.0,1.0,17.0
牙,1.0,1.0,1.0,10.0
牛,1.0,1.0,1.0,7.0
牢,1.0,1.0,1.0,17.0
牧,1.0,1.0,1.0,17.0
物,1.0,1.0,1.0,10.0
牲,1.0,1.0,1.0,17.0
特,1.0,1.0,1.0,10.0
牽,1.0,1.0,1.0,17.0
犁,1.0,1.0,1.0,16.0
犧,1.0,1.0,1.0,6.0
犯,1.0,1.0,1.0,7.0
狀,0.9444444444444444,1.0,0.9714285714285714,17.0
狂,1.0,0.9411764705882353,0.9696969696969697,17.0
狗,1.0,1.0,1.0,17.0
狠,1.0,1.0,1.0,16.0
狡,0.8333333333333334,0.8333333333333334,0.8333333333333334,6.0
狹,1.0,1.0,1.0,16.0
狼,1.0,1.0,1.0,7.0
猖,1.0,1.0,1.0,6.0
猛,1.0,1.0,1.0,7.0
猜,1.0,1.0,1.0,6.0
猴,1.0,1.0,1.0,6.0
猶,1.0,1.0,1.0,17.0
獄,1.0,1.0,1.0,17.0
獅,1.0,1.0,1.0,7.0
獎,1.0,1.0,1.0,6.0
獨,1.0,1.0,1.0,16.0
獲,1.0,1.0,1.0,7.0
獵,1.0,1.0,1.0,6.0
獸,1.0,1.0,1.0,6.0
獻,1.0,1.0,1.0,6.0
玄,0.875,1.0,0.9333333333333333,7.0
率,1.0,0.9411764705882353,0.9696969696969697,17.0
玉,0.9090909090909091,1.0,0.9523809523809523,10.0
王,1.0,0.9,0.9473684210526316,10.0
玩,1.0,1.0,1.0,7.0
玫,1.0,1.0,1.0,10.0
玲,1.0,0.9,0.9473684210526316,10.0
玻,1.0,1.0,1.0,10.0
珊,1.0,1.0,1.0,10.0
珍,1.0,1.0,1.0,10.0
珠,0.9090909090909091,1.0,0.9523809523809523,10.0
班,1.0,1.0,1.0,10.0
珮,1.0,1.0,1.0,10.0
現,1.0,0.8571428571428571,0.923076923076923,7.0
球,1.0,0.9,0.9473684210526316,10.0
理,1.0,1.0,1.0,10.0
琇,1.0,1.0,1.0,10.0
琦,1.0,1.0,1.0,10.0
琪,1.0,1.0,1.0,10.0
琳,1.0,1.0,1.0,10.0
琴,1.0,1.0,1.0,10.0
瑄,1.0,1.0,1.0,10.0
瑋,1.0,1.0,1.0,10.0
瑛,1.0,1.0,1.0,10.0
瑜,1.0,1.0,1.0,10.0
瑞,1.0,1.0,1.0,10.0
瑩,1.0,1.0,1.0,10.0
瑪,1.0,1.0,1.0,6.0
瑰,1.0,1.0,1.0,16.0
璃,1.0,1.0,1.0,10.0
璋,1.0,1.0,1.0,6.0
璟,1.0,1.0,1.0,10.0
環,1.0,1.0,1.0,10.0
瓊,1.0,1.0,1.0,10.0
瓜,1.0,1.0,1.0,7.0
瓣,1.0,1.0,1.0,6.0
瓦,1.0,1.0,1.0,17.0
瓶,1.0,1.0,1.0,17.0
瓷,1.0,1.0,1.0,6.0
甘,0.9444444444444444,1.0,0.9714285714285714,17.0
甚,1.0,1.0,1.0,17.0
甜,1.0,1.0,1.0,7.0
生,1.0,1.0,1.0,10.0
產,1.0,1.0,1.0,10.0
用,1.0,1.0,1.0,10.0
甩,1.0,1.0,1.0,6.0
甫,1.0,1.0,1.0,7.0
田,1.0,1.0,1.0,10.0
由,1.0,1.0,1.0,17.0
甲,1.0,1.0,1.0,7.0
申,1.0,1.0,1.0,10.0
男,1.0,1.0,1.0,10.0
甸,1.0,1.0,1.0,6.0
界,1.0,1.0,1.0,7.0
畏,1.0,1.0,1.0,17.0
畔,1.0,1.0,1.0,17.0
留,1.0,1.0,1.0,7.0
畜,1.0,1.0,1.0,7.0
畝,1.0,1.0,1.0,7.0
畢,1.0,1.0,1.0,7.0
略,1.0,0.8571428571428571,0.923076923076923,7.0
番,1.0,0.8571428571428571,0.923076923076923,7.0
畫,0.9285714285714286,0.8125,0.8666666666666666,16.0
異,0.875,1.0,0.9333333333333333,7.0
當,1.0,0.9411764705882353,0.9696969696969697,17.0
疆,1.0,1.0,1.0,17.0
疇,1.0,1.0,1.0,16.0
疊,1.0,1.0,1.0,6.0
疏,1.0,1.0,1.0,7.0
疑,0.7777777777777778,1.0,0.8750000000000001,7.0
疫,1.0,0.9411764705882353,0.9696969696969697,17.0
疲,1.0,0.8571428571428571,0.923076923076923,7.0
疼,1.0,1.0,1.0,16.0
疾,1.0,1.0,1.0,7.0
病,1.0,1.0,1.0,17.0
症,1.0,1.0,1.0,17.0
痕,1.0,1.0,1.0,7.0
痛,1.0,1.0,1.0,7.0
痴,1.0,1.0,1.0,7.0
痼,1.0,1.0,1.0,6.0
瘋,1.0,1.0,1.0,6.0
瘤,1.0,1.0,1.0,6.0
瘦,1.0,1.0,1.0,6.0
療,1.0,1.0,1.0,10.0
癌,1.0,1.0,1.0,7.0
癢,1.0,1.0,1.0,6.0
登,1.0,1.0,1.0,10.0
發,1.0,1.0,1.0,10.0
白,0.9090909090909091,1.0,0.9523809523809523,10.0
百,0.9,0.9,0.9,10.0
皂,1.0,1.0,1.0,6.0
的,1.0,1.0,1.0,7.0
皆,1.0,1.0,1.0,7.0
皇,1.0,1.0,1.0,10.0
皓,1.0,1.0,1.0,10.0
皖,1.0,1.0,1.0,16.0
皮,1.0,1.0,1.0,7.0
皺,1.0,1.0,1.0,16.0
盆,1.0,1.0,1.0,17.0
盈,1.0,1.0,1.0,10.0
益,1.0,1.0,1.0,10.0
盒,1.0,1.0,1.0,16.0
盛,1.0,1.0,1.0,10.0
盜,1.0,1.0,1.0,6.0
盞,1.0,1.0,1.0,6.0
盟,1.0,1.0,1.0,10.0
盡,1.0,1.0,1.0,16.0
監,1.0,1.0,1.0,17.0
盤,1.0,0.8571428571428571,0.923076923076923,7.0
盥,1.0,1.0,1.0,6.0
盧,1.0,1.0,1.0,10.0
盪,0.16666666666666666,0.3333333333333333,0.2222222222222222,3.0
目,0.7777777777777778,1.0,0.8750000000000001,7.0
盯,1.0,1.0,1.0,7.0
盲,0.875,1.0,0.9333333333333333,7.0
直,1.0,1.0,1.0,7.0
相,1.0,1.0,1.0,17.0
盼,1.0,1.0,1.0,6.0
盾,1.0,1.0,1.0,17.0
省,1.0,0.9411764705882353,0.9696969696969697,17.0
眉,1.0,1.0,1.0,7.0
看,1.0,1.0,1.0,17.0
真,1.0,1.0,1.0,10.0
眠,1.0,1.0,1.0,7.0
眷,1.0,0.9375,0.967741935483871,16.0
眼,1.0,1.0,1.0,7.0
眾,1.0,1.0,1.0,10.0
睛,1.0,1.0,1.0,6.0
睜,1.0,1.0,1.0,16.0
睡,1.0,1.0,1.0,7.0
督,1.0,1.0,1.0,7.0
睿,1.0,1.0,1.0,10.0
瞅,1.0,1.0,1.0,7.0
瞎,1.0,1.0,1.0,16.0
瞧,1.0,1.0,1.0,6.0
瞪,1.0,1.0,1.0,6.0
瞬,1.0,1.0,1.0,7.0
瞿,1.0,1.0,1.0,6.0
矛,1.0,0.9411764705882353,0.9696969696969697,17.0
矢,1.0,1.0,1.0,7.0
矣,1.0,1.0,1.0,6.0
知,1.0,1.0,1.0,7.0
矩,1.0,1.0,1.0,7.0
短,1.0,1.0,1.0,7.0
矮,1.0,1.0,1.0,6.0
石,1.0,1.0,1.0,10.0
砂,1.0,1.0,1.0,17.0
砌,1.0,1.0,1.0,6.0
砍,1.0,1.0,1.0,16.0
研,1.0,1.0,1.0,10.0
砲,1.0,1.0,1.0,7.0
破,1.0,1.0,1.0,7.0
砸,1.0,1.0,1.0,7.0
硅,1.0,1.0,1.0,6.0
硝,1.0,1.0,1.0,7.0
硫,1.0,1.0,1.0,7.0
硬,1.0,1.0,1.0,7.0
碎,0.9411764705882353,1.0,0.9696969696969697,16.0
碑,1.0,1.0,1.0,7.0
碗,1.0,1.0,1.0,7.0
碘,1.0,1.0,1.0,16.0
碧,1.0,1.0,1.0,10.0
碩,1.0,1.0,1.0,10.0
碰,1.0,1.0,1.0,6.0
碳,1.0,1.0,1.0,16.0
確,1.0,1.0,1.0,7.0
碼,0.9375,0.9375,0.9375,16.0
磁,1.0,1.0,1.0,7.0
磊,1.0,1.0,1.0,10.0
磚,0.8571428571428571,1.0,0.923076923076923,6.0
磨,1.0,1.0,1.0,7.0
磷,1.0,1.0,1.0,6.0
礁,1.0,0.8571428571428571,0.923076923076923,7.0
礎,1.0,1.0,1.0,7.0
礙,1.0,1.0,1.0,6.0
礦,1.0,1.0,1.0,6.0
示,1.0,1.0,1.0,7.0
社,1.0,1.0,1.0,10.0
祁,1.0,1.0,1.0,17.0
祐,1.0,1.0,1.0,10.0
祖,1.0,1.0,1.0,7.0
祝,1.0,1.0,1.0,7.0
神,1.0,1.0,1.0,10.0
祥,1.0,1.0,1.0,10.0
票,1.0,1.0,1.0,7.0
祭,1.0,1.0,1.0,17.0
祺,1.0,1.0,1.0,10.0
祿,1.0,1.0,1.0,6.0
禁,1.0,1.0,1.0,17.0
禍,1.0,1.0,1.0,17.0
禎,1.0,1.0,1.0,10.0
福,1.0,1.0,1.0,10.0
禦,1.0,1.0,1.0,7.0
禮,1.0,1.0,1.0,10.0
禹,1.0,0.8333333333333334,0.9090909090909091,6.0
禽,1.0,1.0,1.0,7.0
禾,1.0,1.0,1.0,10.0
秀,1.0,1.0,1.0,10.0
私,1.0,1.0,1.0,10.0
秉,1.0,1.0,1.0,10.0
秋,1.0,1.0,1.0,10.0
科,1.0,1.0,1.0,10.0
秒,1.0,1.0,1.0,7.0
秘,1.0,1.0,1.0,7.0
租,1.0,1.0,1.0,10.0
秤,1.0,1.0,1.0,7.0
秦,1.0,1.0,1.0,10.0
秧,1.0,1.0,1.0,16.0
秩,1.0,1.0,1.0,17.0
移,1.0,0.8823529411764706,0.9375,17.0
稀,1.0,1.0,1.0,7.0
稅,1.0,0.9411764705882353,0.9696969696969697,17.0
稈,1.0,1.0,1.0,16.0
程,1.0,1.0,1.0,10.0
稍,1.0,1.0,1.0,16.0
稚,1.0,1.0,1.0,17.0
稜,1.0,1.0,1.0,7.0
稠,1.0,1.0,1.0,6.0
種,1.0,1.0,1.0,7.0
稱,1.0,1.0,1.0,16.0
稻,1.0,1.0,1.0,6.0
稼,1.0,1.0,1.0,7.0
稿,1.0,1.0,1.0,17.0
穆,1.0,1.0,1.0,7.0
積,1.0,1.0,1.0,7.0
穎,1.0,1.0,1.0,10.0
穗,1.0,1.0,1.0,6.0
穩,1.0,1.0,1.0,6.0
穴,1.0,1.0,1.0,17.0
究,1.0,1.0,1.0,7.0
空,1.0,1.0,1.0,10.0
穿,1.0,1.0,1.0,7.0
突,1.0,1.0,1.0,7.0
窄,0.9444444444444444,1.0,0.9714285714285714,17.0
窖,1.0,1.0,1.0,6.0
窗,1.0,1.0,1.0,6.0
窩,1.0,1.0,1.0,6.0
窮,1.0,1.0,1.0,17.0
窯,1.0,1.0,1.0,7.0
竄,1.0,1.0,1.0,6.0
竊,1.0,1.0,1.0,6.0
立,1.0,1.0,1.0,10.0
竑,1.0,1.0,1.0,10.0
站,1.0,1.0,1.0,6.0
竟,1.0,1.0,1.0,6.0
章,1.0,1.0,1.0,10.0
竣,1.0,1.0,1.0,10.0
童,1.0,1.0,1.0,17.0
竭,1.0,1.0,1.0,6.0
端,1.0,1.0,1.0,7.0
競,0.9444444444444444,1.0,0.9714285714285714,17.0
竹,1.0,1.0,1.0,10.0
竿,0.875,1.0,0.9333333333333333,7.0
笙,1.0,1.0,1.0,16.0
笛,1.0,1.0,1.0,7.0
符,1.0,1.0,1.0,7.0
笨,1.0,1.0,1.0,6.0
第,1.0,1.0,1.0,17.0
筆,1.0,1.0,1.0,7.0
等,1.0,0.8571428571428571,0.923076923076923,7.0
筋,0.9444444444444444,1.0,0.9714285714285714,17.0
筍,1.0,1.0,1.0,6.0
筐,1.0,1.0,1.0,6.0
筒,1.0,1.0,1.0,17.0
答,1.0,1.0,1.0,7.0
策,1.0,1.0,1.0,10.0
筱,1.0,1.0,1.0,10.0
算,1.0,1.0,1.0,7.0
管,1.0,1.0,1.0,10.0
箭,1.0,1.0,1.0,7.0
箱,1.0,1.0,1.0,7.0
節,1.0,1.0,1.0,17.0
範,1.0,1.0,1.0,7.0
篇,1.0,1.0,1.0,7.0
築,1.0,1.0,1.0,10.0
篡,1.0,1.0,1.0,17.0
篩,1.0,1.0,1.0,16.0
篷,1.0,0.8333333333333334,0.9090909090909091,6.0
簞,1.0,0.8571428571428571,0.923076923076923,7.0
簡,1.0,1.0,1.0,10.0
簧,1.0,1.0,1.0,6.0
簽,1.0,1.0,1.0,16.0
簾,1.0,1.0,1.0,7.0
籃,1.0,1.0,1.0,16.0
籌,1.0,1.0,1.0,10.0
籍,1.0,1.0,1.0,7.0
籠,1.0,0.8333333333333334,0.9090909090909091,6.0
籲,1.0,1.0,1.0,6.0
米,1.0,1.0,1.0,10.0
籽,1.0,1.0,1.0,6.0
粉,1.0,1.0,1.0,7.0
粒,1.0,1.0,1.0,7.0
粗,1.0,1.0,1.0,7.0
粘,1.0,1.0,1.0,7.0
粵,1.0,1.0,1.0,7.0
粹,1.0,1.0,1.0,6.0
精,1.0,1.0,1.0,10.0
糊,1.0,1.0,1.0,17.0
糕,1.0,1.0,1.0,6.0
糖,1.0,1.0,1.0,7.0
糙,1.0,1.0,1.0,6.0
糞,1.0,1.0,1.0,17.0
糟,1.0,1.0,1.0,17.0
糠,1.0,1.0,1.0,7.0
糧,1.0,1.0,1.0,7.0
系,1.0,1.0,1.0,10.0
糾,1.0,1.0,1.0,7.0
紀,1.0,1.0,1.0,10.0
約,1.0,1.0,1.0,7.0
紅,1.0,1.0,1.0,10.0
紋,0.9090909090909091,1.0,0.9523809523809523,10.0
納,1.0,1.0,1.0,7.0
紐,1.0,1.0,1.0,7.0
純,1.0,1.0,1.0,10.0
紗,1.0,1.0,1.0,7.0
紘,1.0,1.0,1.0,10.0
紙,1.0,0.9,0.9473684210526316,10.0
級,1.0,1.0,1.0,7.0
紛,1.0,1.0,1.0,17.0
素,1.0,1.0,1.0,10.0
紡,1.0,1.0,1.0,7.0
索,1.0,1.0,1.0,17.0
紫,1.0,1.0,1.0,17.0
累,1.0,1.0,1.0,17.0
細,0.875,1.0,0.9333333333333333,7.0
紳,1.0,1.0,1.0,7.0
紹,1.0,1.0,1.0,10.0
終,1.0,1.0,1.0,17.0
組,1.0,1.0,1.0,7.0
結,1.0,1.0,1.0,7.0
絕,1.0,0.8571428571428571,0.923076923076923,7.0
絞,1.0,0.8571428571428571,0.923076923076923,7.0
絡,1.0,1.0,1.0,7.0
給,1.0,1.0,1.0,7.0
絨,1.0,1.0,1.0,6.0
絮,1.0,1.0,1.0,6.0
統,1.0,1.0,1.0,10.0
絲,0.9,0.9,0.9,10.0
綁,1.0,1.0,1.0,16.0
綏,1.0,1.0,1.0,6.0
經,1.0,1.0,1.0,10.0
綜,1.0,0.9411764705882353,0.9696969696969697,17.0
綠,1.0,1.0,1.0,10.0
綢,1.0,0.8333333333333334,0.9090909090909091,6.0
維,1.0,1.0,1.0,10.0
綱,0.875,1.0,0.9333333333333333,7.0
網,1.0,1.0,1.0,10.0
綸,1.0,1.0,1.0,10.0
綺,1.0,1.0,1.0,10.0
綿,1.0,1.0,1.0,7.0
緊,1.0,1.0,1.0,17.0
緒,1.0,1.0,1.0,7.0
線,1.0,0.8571428571428571,0.923076923076923,7.0
緝,1.0,1.0,1.0,6.0
締,1.0,0.8571428571428571,0.923076923076923,7.0
緣,1.0,1.0,1.0,17.0
編,1.0,1.0,1.0,7.0
緩,1.0,1.0,1.0,7.0
緬,1.0,1.0,1.0,7.0
緯,1.0,1.0,1.0,10.0
練,1.0,0.9411764705882353,0.9696969696969697,17.0
縛,1.0,1.0,1.0,7.0
縣,1.0,1.0,1.0,10.0
縫,1.0,1.0,1.0,17.0
縮,1.0,1.0,1.0,7.0
縱,1.0,1.0,1.0,16.0
縷,1.0,1.0,1.0,6.0
總,1.0,1.0,1.0,10.0
績,1.0,1.0,1.0,7.0
繁,1.0,1.0,1.0,7.0
繃,1.0,1.0,1.0,6.0
織,1.0,1.0,1.0,10.0
繞,1.0,1.0,1.0,6.0
繡,1.0,1.0,1.0,16.0
繩,1.0,1.0,1.0,6.0
繪,1.0,1.0,1.0,16.0
繳,1.0,1.0,1.0,6.0
繼,1.0,1.0,1.0,16.0
續,1.0,1.0,1.0,6.0
纏,1.0,1.0,1.0,7.0
纖,1.0,0.8333333333333334,0.9090909090909091,6.0
纜,1.0,1.0,1.0,6.0
缸,1.0,1.0,1.0,6.0
缺,1.0,1.0,1.0,16.0
罐,1.0,1.0,1.0,16.0
罕,1.0,1.0,1.0,16.0
罩,1.0,1.0,1.0,6.0
罪,1.0,1.0,1.0,7.0
置,1.0,1.0,1.0,17.0
罰,1.0,1.0,1.0,7.0
署,1.0,1.0,1.0,7.0
罵,1.0,1.0,1.0,7.0
罷,1.0,1.0,1.0,7.0
羅,1.0,1.0,1.0,10.0
羊,1.0,1.0,1.0,17.0
美,1.0,1.0,1.0,10.0
羞,1.0,1.0,1.0,6.0
群,1.0,1.0,1.0,10.0
義,1.0,1.0,1.0,10.0
羽,1.0,1.0,1.0,10.0
翁,1.0,1.0,1.0,10.0
翅,1.0,1.0,1.0,6.0
翊,1.0,1.0,1.0,10.0
習,1.0,1.0,1.0,7.0
翔,1.0,1.0,1.0,10.0
翠,1.0,1.0,1.0,10.0
翰,1.0,1.0,1.0,10.0
翹,1.0,1.0,1.0,6.0
翻,1.0,1.0,1.0,17.0
翼,1.0,1.0,1.0,17.0
耀,1.0,1.0,1.0,10.0
老,1.0,1.0,1.0,7.0
考,1.0,1.0,1.0,7.0
者,0.9444444444444444,1.0,0.9714285714285714,17.0
而,1.0,1.0,1.0,7.0
耍,1.0,1.0,1.0,16.0
耐,1.0,1.0,1.0,17.0
耕,1.0,1.0,1.0,17.0
耗,1.0,1.0,1.0,17.0
耦,1.0,1.0,1.0,6.0
耳,1.0,1.0,1.0,17.0
耶,1.0,1.0,1.0,7.0
耽,1.0,1.0,1.0,7.0
耿,1.0,1.0,1.0,6.0
聊,1.0,1.0,1.0,16.0
聖,1.0,1.0,1.0,10.0
聘,1.0,1.0,1.0,16.0
聚,1.0,1.0,1.0,10.0
聞,1.0,0.8571428571428571,0.923076923076923,7.0
聯,1.0,1.0,1.0,10.0
聰,1.0,1.0,1.0,10.0
聲,1.0,1.0,1.0,10.0
聳,1.0,1.0,1.0,6.0
聶,1.0,1.0,1.0,6.0
職,1.0,1.0,1.0,10.0
聽,1.0,1.0,1.0,16.0
肅,1.0,1.0,1.0,16.0
肆,1.0,1.0,1.0,16.0
肉,1.0,1.0,1.0,7.0
肌,1.0,1.0,1.0,7.0
肖,1.0,1.0,1.0,7.0
肚,1.0,1.0,1.0,6.0
肝,1.0,1.0,1.0,17.0
股,1.0,1.0,1.0,10.0
肢,0.875,1.0,0.9333333333333333,7.0
肥,1.0,1.0,1.0,7.0
肩,1.0,1.0,1.0,7.0
肪,1.0,1.0,1.0,7.0
肯,1.0,1.0,1.0,7.0
育,1.0,0.9,0.9473684210526316,10.0
肺,1.0,1.0,1.0,17.0
胃,1.0,1.0,1.0,7.0
背,1.0,1.0,1.0,7.0
胎,0.9444444444444444,1.0,0.9714285714285714,17.0
胖,1.0,1.0,1.0,16.0
胚,1.0,1.0,1.0,16.0
胞,1.0,0.8571428571428571,0.923076923076923,7.0
胡,1.0,1.0,1.0,10.0
胳,1.0,1.0,1.0,6.0
胸,1.0,1.0,1.0,17.0
胺,1.0,0.8333333333333334,0.9090909090909091,6.0
能,1.0,1.0,1.0,10.0
脂,1.0,1.0,1.0,7.0
脅,1.0,1.0,1.0,7.0
脆,1.0,1.0,1.0,17.0
脈,1.0,1.0,1.0,7.0
脊,1.0,1.0,1.0,17.0
脖,1.0,1.0,1.0,6.0
脫,1.0,1.0,1.0,7.0
脹,1.0,1.0,1.0,7.0
脾,1.0,1.0,1.0,16.0
腐,0.875,1.0,0.9333333333333333,7.0
腔,1.0,1.0,1.0,7.0
腕,1.0,1.0,1.0,7.0
腥,1.0,1.0,1.0,6.0
腦,1.0,1.0,1.0,10.0
腫,1.0,1.0,1.0,7.0
腰,1.0,1.0,1.0,7.0
腳,1.0,1.0,1.0,17.0
腸,1.0,1.0,1.0,7.0
腹,1.0,1.0,1.0,17.0
腺,1.0,1.0,1.0,17.0
腿,1.0,1.0,1.0,7.0
膀,1.0,1.0,1.0,6.0
膊,1.0,1.0,1.0,6.0
膏,1.0,1.0,1.0,17.0
膚,1.0,1.0,1.0,7.0
膛,1.0,1.0,1.0,6.0
膜,1.0,1.0,1.0,7.0
膝,1.0,1.0,1.0,7.0
膠,1.0,1.0,1.0,10.0
膨,1.0,1.0,1.0,7.0
膩,1.0,1.0,1.0,6.0
膽,1.0,1.0,1.0,16.0
臂,1.0,1.0,1.0,6.0
臉,1.0,1.0,1.0,6.0
臘,1.0,1.0,1.0,6.0
臟,1.0,0.8461538461538461,0.9166666666666666,13.0
臣,1.0,1.0,1.0,7.0
臥,1.0,1.0,1.0,7.0
臨,1.0,1.0,1.0,7.0
自,0.8888888888888888,0.8,0.8421052631578948,10.0
臭,1.0,1.0,1.0,7.0
至,1.0,1.0,1.0,7.0
致,1.0,1.0,1.0,10.0
臺,1.0,1.0,1.0,10.0
臻,1.0,1.0,1.0,10.0
舅,1.0,1.0,1.0,6.0
與,1.0,1.0,1.0,6.0
興,1.0,1.0,1.0,10.0
舉,1.0,1.0,1.0,16.0
舊,1.0,1.0,1.0,6.0
舌,1.0,1.0,1.0,7.0
舍,0.8571428571428571,1.0,0.923076923076923,6.0
舒,1.0,1.0,1.0,10.0
舜,1.0,1.0,1.0,10.0
舞,1.0,1.0,1.0,17.0
舟,1.0,0.8571428571428571,0.923076923076923,7.0
航,1.0,1.0,1.0,10.0
般,1.0,0.9411764705882353,0.9696969696969697,17.0
舶,1.0,1.0,1.0,7.0
船,1.0,1.0,1.0,17.0
艇,1.0,1.0,1.0,7.0
艘,1.0,1.0,1.0,6.0
艙,1.0,1.0,1.0,6.0
艦,1.0,1.0,1.0,17.0
良,1.0,1.0,1.0,10.0
艱,1.0,1.0,1.0,6.0
色,1.0,0.9,0.9473684210526316,10.0
艷,1.0,1.0,1.0,6.0
艾,1.0,1.0,1.0,10.0
芒,1.0,1.0,1.0,6.0
芝,1.0,0.9,0.9473684210526316,10.0
芡,1.0,1.0,1.0,6.0
芬,1.0,1.0,1.0,10.0
芯,1.0,1.0,1.0,7.0
花,0.9090909090909091,1.0,0.9523809523809523,10.0
芳,0.9090909090909091,1.0,0.9523809523809523,10.0
芷,1.0,1.0,1.0,10.0
芸,1.0,1.0,1.0,10.0
芽,0.875,1.0,0.9333333333333333,7.0
苑,1.0,0.9,0.9473684210526316,10.0
苗,1.0,1.0,1.0,10.0
苛,1.0,1.0,1.0,17.0
苟,1.0,0.8333333333333334,0.9090909090909091,6.0
若,1.0,1.0,1.0,10.0
苦,1.0,1.0,1.0,17.0
苯,1.0,1.0,1.0,6.0
英,0.9090909090909091,1.0,0.9523809523809523,10.0
茂,0.9090909090909091,1.0,0.9523809523809523,10.0
范,0.9090909090909091,1.0,0.9523809523809523,10.0
茄,1.0,1.0,1.0,17.0
茅,1.0,0.8571428571428571,0.923076923076923,7.0
茨,1.0,1.0,1.0,7.0
茫,1.0,1.0,1.0,16.0
茬,1.0,1.0,1.0,6.0
茲,1.0,1.0,1.0,16.0
茶,1.0,1.0,1.0,10.0
茹,1.0,1.0,1.0,10.0
草,0.875,1.0,0.9333333333333333,7.0
荊,1.0,1.0,1.0,7.0
荒,1.0,1.0,1.0,7.0
荷,1.0,1.0,1.0,7.0
莉,1.0,1.0,1.0,10.0
莊,1.0,1.0,1.0,10.0
莖,1.0,1.0,1.0,6.0
莫,1.0,1.0,1.0,7.0
莽,1.0,1.0,1.0,6.0
菁,1.0,1.0,1.0,10.0
菊,1.0,1.0,1.0,10.0
菌,1.0,1.0,1.0,7.0
菜,1.0,1.0,1.0,7.0
華,1.0,1.0,1.0,10.0
菱,1.0,1.0,1.0,10.0
菲,1.0,1.0,1.0,6.0
萄,1.0,1.0,1.0,7.0
萊,1.0,1.0,1.0,6.0
萌,1.0,1.0,1.0,7.0
萍,1.0,1.0,1.0,10.0
萎,1.0,1.0,1.0,17.0
萬,1.0,1.0,1.0,10.0
萱,1.0,1.0,1.0,10.0
落,1.0,1.0,1.0,7.0
葉,1.0,1.0,1.0,10.0
著,1.0,1.0,1.0,7.0
葛,0.875,1.0,0.9333333333333333,7.0
葡,1.0,1.0,1.0,7.0
董,1.0,1.0,1.0,10.0
葫,1.0,1.0,1.0,6.0
葬,1.0,1.0,1.0,7.0
葳,1.0,1.0,1.0,10.0
蒂,1.0,1.0,1.0,6.0
蒙,1.0,1.0,1.0,17.0
蒜,1.0,1.0,1.0,7.0
蒲,1.0,1.0,1.0,7.0
蒸,1.0,1.0,1.0,17.0
蒼,1.0,1.0,1.0,17.0
蓁,1.0,1.0,1.0,10.0
蓄,1.0,1.0,1.0,17.0
蓉,0.9090909090909091,1.0,0.9523809523809523,10.0
蓋,1.0,1.0,1.0,7.0
蓬,0.9444444444444444,1.0,0.9714285714285714,17.0
蓮,1.0,1.0,1.0,10.0
蓿,1.0,1.0,1.0,16.0
蔑,1.0,1.0,1.0,7.0
蔓,1.0,1.0,1.0,17.0
蔗,1.0,1.0,1.0,6.0
蔡,1.0,0.9,0.9473684210526316,10.0
蔣,1.0,1.0,1.0,10.0
蔥,1.0,1.0,1.0,6.0
蔬,1.0,1.0,1.0,6.0
蔭,1.0,1.0,1.0,17.0
蔽,1.0,1.0,1.0,17.0
蕉,1.0,1.0,1.0,17.0
蕊,1.0,1.0,1.0,7.0
蕙,1.0,1.0,1.0,10.0
蕭,1.0,1.0,1.0,10.0
薄,1.0,1.0,1.0,7.0
薇,1.0,1.0,1.0,10.0
薛,1.0,1.0,1.0,10.0
薦,1.0,0.8571428571428571,0.923076923076923,7.0
薩,1.0,1.0,1.0,7.0
薯,1.0,1.0,1.0,7.0
藉,1.0,1.0,1.0,6.0
藍,1.0,1.0,1.0,10.0
藏,1.0,1.0,1.0,6.0
藝,1.0,1.0,1.0,10.0
藤,1.0,1.0,1.0,7.0
藥,1.0,1.0,1.0,10.0
藩,1.0,1.0,1.0,7.0
藻,1.0,1.0,1.0,7.0
蘆,1.0,1.0,1.0,6.0
蘇,1.0,1.0,1.0,10.0
蘊,1.0,1.0,1.0,6.0
蘋,1.0,1.0,1.0,16.0
蘗,1.0,1.0,1.0,6.0
蘭,1.0,1.0,1.0,10.0
蘿,1.0,0.9375,0.967741935483871,16.0
虎,0.9444444444444444,1.0,0.9714285714285714,17.0
處,1.0,1.0,1.0,10.0
虛,1.0,1.0,1.0,17.0
虜,1.0,1.0,1.0,7.0
號,1.0,1.0,1.0,6.0
虧,1.0,1.0,1.0,16.0
虹,1.0,1.0,1.0,10.0
蚌,1.0,1.0,1.0,6.0
蛇,1.0,1.0,1.0,7.0
蛋,1.0,1.0,1.0,7.0
蛭,1.0,1.0,1.0,7.0
蛻,1.0,1.0,1.0,6.0
蜀,1.0,1.0,1.0,16.0
蜂,1.0,1.0,1.0,7.0
蜇,1.0,1.0,1.0,6.0
蜜,1.0,1.0,1.0,7.0
蝕,1.0,1.0,1.0,17.0
蝦,1.0,1.0,1.0,7.0
融,1.0,1.0,1.0,10.0
螺,1.0,1.0,1.0,7.0
蟲,1.0,1.0,1.0,6.0
蠟,1.0,1.0,1.0,6.0
蠶,1.0,1.0,1.0,6.0
蠻,1.0,1.0,1.0,6.0
血,1.0,1.0,1.0,17.0
行,1.0,1.0,1.0,10.0
衍,1.0,1.0,1.0,16.0
術,1.0,1.0,1.0,10.0
街,1.0,0.9411764705882353,0.9696969696969697,17.0
衙,1.0,1.0,1.0,6.0
衛,1.0,1.0,1.0,10.0
衝,1.0,1.0,1.0,7.0
衡,1.0,1.0,1.0,17.0
衣,1.0,1.0,1.0,10.0
表,0.9444444444444444,1.0,0.9714285714285714,17.0
衫,1.0,1.0,1.0,16.0
衰,0.7777777777777778,1.0,0.8750000000000001,7.0
衷,1.0,1.0,1.0,7.0
袁,1.0,0.8333333333333334,0.9090909090909091,6.0
袋,1.0,1.0,1.0,17.0
袍,1.0,1.0,1.0,6.0
袖,1.0,1.0,1.0,17.0
被,1.0,1.0,1.0,17.0
裁,1.0,1.0,1.0,7.0
裂,1.0,1.0,1.0,17.0
裕,1.0,1.0,1.0,10.0
裙,1.0,1.0,1.0,6.0
補,1.0,1.0,1.0,17.0
裝,1.0,1.0,1.0,10.0
裡,1.0,1.0,1.0,7.0
裳,1.0,1.0,1.0,17.0
裸,1.0,1.0,1.0,17.0
裹,1.0,0.8333333333333334,0.9090909090909091,6.0
製,1.0,1.0,1.0,10.0
褂,1.0,1.0,1.0,6.0
褐,0.875,1.0,0.9333333333333333,7.0
褲,1.0,1.0,1.0,16.0
襄,1.0,1.0,1.0,6.0
襟,1.0,1.0,1.0,17.0
襯,1.0,1.0,1.0,16.0
襲,1.0,1.0,1.0,17.0
西,1.0,1.0,1.0,10.0
要,1.0,1.0,1.0,7.0
覆,1.0,1.0,1.0,7.0
見,1.0,1.0,1.0,7.0
規,0.875,1.0,0.9333333333333333,7.0
視,1.0,1.0,1.0,10.0
親,1.0,1.0,1.0,17.0
覺,1.0,1.0,1.0,16.0
覽,1.0,1.0,1.0,10.0
觀,1.0,1.0,1.0,10.0
角,1.0,1.0,1.0,17.0
解,1.0,1.0,1.0,7.0
觸,1.0,1.0,1.0,6.0
言,0.9090909090909091,1.0,0.9523809523809523,10.0
訂,1.0,1.0,1.0,7.0
計,1.0,1.0,1.0,10.0
訊,0.9090909090909091,1.0,0.9523809523809523,10.0
討,1.0,1.0,1.0,17.0
訓,1.0,1.0,1.0,7.0
託,1.0,1.0,1.0,10.0
記,1.0,1.0,1.0,10.0
訛,1.0,1.0,1.0,6.0
訟,0.875,1.0,0.9333333333333333,7.0
訪,1.0,1.0,1.0,7.0
設,0.9090909090909091,1.0,0.9523809523809523,10.0
許,1.0,1.0,1.0,10.0
訴,1.0,1.0,1.0,7.0
診,1.0,1.0,1.0,10.0
詐,1.0,1.0,1.0,7.0
詔,1.0,1.0,1.0,7.0
評,1.0,1.0,1.0,7.0
詞,1.0,1.0,1.0,7.0
詠,1.0,1.0,1.0,10.0
詢,1.0,1.0,1.0,6.0
試,1.0,1.0,1.0,17.0
詩,1.0,1.0,1.0,10.0
詭,1.0,1.0,1.0,6.0
詮,1.0,1.0,1.0,10.0
話,1.0,1.0,1.0,17.0
該,1.0,0.9411764705882353,0.9696969696969697,17.0
詳,1.0,1.0,1.0,7.0
詹,1.0,1.0,1.0,10.0
誇,0.9444444444444444,1.0,0.9714285714285714,17.0
認,1.0,1.0,1.0,7.0
誓,1.0,1.0,1.0,17.0
誕,1.0,1.0,1.0,7.0
誘,1.0,1.0,1.0,17.0
語,1.0,1.0,1.0,10.0
誠,1.0,1.0,1.0,10.0
誣,1.0,1.0,1.0,16.0
誤,1.0,1.0,1.0,17.0
誦,1.0,1.0,1.0,6.0
說,1.0,0.8571428571428571,0.923076923076923,7.0
誰,1.0,1.0,1.0,7.0
課,1.0,1.0,1.0,7.0
誼,1.0,1.0,1.0,10.0
調,1.0,1.0,1.0,10.0
談,1.0,1.0,1.0,7.0
請,1.0,1.0,1.0,7.0
諒,1.0,1.0,1.0,17.0
論,1.0,1.0,1.0,17.0
諧,1.0,1.0,1.0,16.0
諭,1.0,1.0,1.0,7.0
諷,1.0,1.0,1.0,6.0
諸,1.0,1.0,1.0,7.0
諾,1.0,1.0,1.0,7.0
謀,1.0,1.0,1.0,7.0
謂,1.0,1.0,1.0,17.0
謇,1.0,1.0,1.0,6.0
謊,1.0,1.0,1.0,6.0
謙,1.0,1.0,1.0,10.0
講,1.0,1.0,1.0,7.0
謝,1.0,1.0,1.0,10.0
謠,1.0,1.0,1.0,16.0
謬,1.0,1.0,1.0,7.0
謹,1.0,1.0,1.0,7.0
證,1.0,1.0,1.0,10.0
識,1.0,1.0,1.0,7.0
譚,1.0,1.0,1.0,16.0
譜,1.0,1.0,1.0,7.0
警,1.0,1.0,1.0,7.0
譬,1.0,1.0,1.0,16.0
譯,1.0,1.0,1.0,6.0
議,1.0,1.0,1.0,7.0
譴,1.0,1.0,1.0,6.0
護,1.0,1.0,1.0,10.0
讀,1.0,1.0,1.0,6.0
變,0.8571428571428571,1.0,0.923076923076923,6.0
讓,1.0,1.0,1.0,16.0
谷,1.0,0.8,0.888888888888889,10.0
豆,1.0,1.0,1.0,17.0
豈,1.0,0.8333333333333334,0.9090909090909091,6.0
豌,1.0,1.0,1.0,6.0
豎,1.0,1.0,1.0,16.0
豐,1.0,1.0,1.0,10.0
象,1.0,0.8571428571428571,0.923076923076923,7.0
豪,1.0,1.0,1.0,10.0
豫,1.0,1.0,1.0,6.0
豬,1.0,1.0,1.0,16.0
豹,1.0,1.0,1.0,7.0
貌,1.0,1.0,1.0,7.0
貓,1.0,1.0,1.0,16.0
貝,0.8888888888888888,0.8,0.8421052631578948,10.0
貞,1.0,0.9,0.9473684210526316,10.0
負,1.0,0.8571428571428571,0.923076923076923,7.0
財,1.0,1.0,1.0,10.0
貢,1.0,1.0,1.0,7.0
貧,0.9333333333333333,0.8235294117647058,0.8749999999999999,17.0
貨,1.0,1.0,1.0,10.0
販,1.0,1.0,1.0,7.0
貪,0.8421052631578947,1.0,0.9142857142857143,16.0
貫,1.0,1.0,1.0,7.0
責,1.0,1.0,1.0,7.0
貯,1.0,1.0,1.0,7.0
貴,0.9090909090909091,1.0,0.9523809523809523,10.0
貶,1.0,1.0,1.0,16.0
買,1.0,0.5,0.6666666666666666,10.0
貸,1.0,1.0,1.0,7.0
費,1.0,1.0,1.0,17.0
貼,1.0,1.0,1.0,7.0
貿,0.9090909090909091,1.0,0.9523809523809523,10.0
賀,1.0,1.0,1.0,10.0
賃,1.0,1.0,1.0,10.0
賄,1.0,1.0,1.0,7.0
資,1.0,1.0,1.0,10.0
賈,1.0,1.0,1.0,6.0
賊,1.0,1.0,1.0,7.0
賓,1.0,0.9,0.9473684210526316,10.0
賜,1.0,1.0,1.0,10.0
賞,1.0,1.0,1.0,7.0
賠,1.0,1.0,1.0,17.0
賢,1.0,1.0,1.0,10.0
賣,1.0,1.0,1.0,6.0
賤,0.8571428571428571,1.0,0.923076923076923,6.0
賦,1.0,1.0,1.0,7.0
質,1.0,1.0,1.0,17.0
賬,1.0,1.0,1.0,16.0
賭,1.0,1.0,1.0,17.0
賴,1.0,1.0,1.0,10.0
賺,1.0,1.0,1.0,6.0
購,1.0,1.0,1.0,7.0
賽,1.0,0.8333333333333334,0.9090909090909091,6.0
贈,1.0,1.0,1.0,7.0
贊,1.0,1.0,1.0,6.0
贏,1.0,1.0,1.0,6.0
贓,1.0,1.0,1.0,16.0
贖,1.0,1.0,1.0,16.0
赤,1.0,1.0,1.0,7.0
赫,0.9444444444444444,1.0,0.9714285714285714,17.0
走,0.9444444444444444,1.0,0.9714285714285714,17.0
赴,1.0,1.0,1.0,7.0
起,1.0,1.0,1.0,7.0
趁,1.0,1.0,1.0,6.0
超,1.0,1.0,1.0,10.0
越,1.0,1.0,1.0,7.0
趕,1.0,1.0,1.0,6.0
趙,1.0,1.0,1.0,10.0
趟,1.0,1.0,1.0,6.0
趣,1.0,1.0,1.0,7.0
趨,1.0,1.0,1.0,17.0
足,1.0,1.0,1.0,7.0
跌,0.9411764705882353,1.0,0.9696969696969697,16.0
跑,1.0,1.0,1.0,6.0
距,1.0,1.0,1.0,7.0
跟,1.0,1.0,1.0,6.0
跡,1.0,0.9411764705882353,0.9696969696969697,17.0
跨,1.0,1.0,1.0,7.0
跪,1.0,1.0,1.0,6.0
路,1.0,1.0,1.0,7.0
跳,1.0,1.0,1.0,17.0
踏,1.0,1.0,1.0,7.0
踐,1.0,1.0,1.0,6.0
踢,1.0,1.0,1.0,6.0
踩,1.0,0.9411764705882353,0.9696969696969697,17.0
蹄,1.0,1.0,1.0,17.0
蹈,1.0,1.0,1.0,16.0
蹤,1.0,1.0,1.0,16.0
蹬,1.0,1.0,1.0,6.0
蹲,1.0,0.8333333333333334,0.9090909090909091,6.0
躁,1.0,1.0,1.0,6.0
躍,1.0,1.0,1.0,7.0
身,1.0,1.0,1.0,17.0
躬,1.0,1.0,1.0,16.0
躲,1.0,1.0,1.0,7.0
躺,1.0,1.0,1.0,16.0
軀,0.9411764705882353,1.0,0.9696969696969697,16.0
車,1.0,1.0,1.0,10.0
軋,1.0,1.0,1.0,16.0
軌,1.0,1.0,1.0,7.0
軍,1.0,1.0,1.0,7.0
軒,1.0,1.0,1.0,10.0
軟,1.0,1.0,1.0,7.0
軸,1.0,1.0,1.0,7.0
較,1.0,1.0,1.0,7.0
載,1.0,1.0,1.0,7.0
輔,1.0,1.0,1.0,7.0
輕,1.0,1.0,1.0,16.0
輛,1.0,1.0,1.0,6.0
輝,1.0,1.0,1.0,10.0
輥,1.0,1.0,1.0,6.0
輩,1.0,0.9411764705882353,0.9696969696969697,17.0
輪,1.0,1.0,1.0,10.0
輯,1.0,1.0,1.0,17.0
輸,1.0,1.0,1.0,17.0
輻,1.0,1.0,1.0,6.0
輿,1.0,1.0,1.0,7.0
轄,1.0,1.0,1.0,7.0
轉,1.0,1.0,1.0,6.0
轎,1.0,1.0,1.0,16.0
轟,1.0,1.0,1.0,7.0
辛,1.0,1.0,1.0,7.0
辜,1.0,1.0,1.0,6.0
辣,1.0,1.0,1.0,6.0
辦,1.0,0.9375,0.967741935483871,16.0
辨,1.0,1.0,1.0,6.0
辭,1.0,1.0,1.0,6.0
辮,1.0,1.0,1.0,6.0
辯,1.0,0.875,0.9333333333333333,16.0
辰,1.0,0.9,0.9473684210526316,10.0
辱,1.0,1.0,1.0,7.0
農,1.0,1.0,1.0,10.0
迄,1.0,1.0,1.0,7.0
迅,1.0,0.8,0.888888888888889,10.0
迎,1.0,1.0,1.0,7.0
近,0.875,1.0,0.9333333333333333,7.0
返,1.0,1.0,1.0,7.0
迪,1.0,1.0,1.0,10.0
迫,1.0,1.0,1.0,7.0
迭,1.0,1.0,1.0,17.0
述,1.0,1.0,1.0,17.0
迷,1.0,1.0,1.0,17.0
追,1.0,1.0,1.0,7.0
退,1.0,1.0,1.0,7.0
送,1.0,1.0,1.0,7.0
逃,1.0,1.0,1.0,17.0
逆,1.0,1.0,1.0,7.0
透,1.0,1.0,1.0,7.0
逐,1.0,1.0,1.0,17.0
途,1.0,1.0,1.0,17.0
逗,1.0,1.0,1.0,17.0
這,1.0,1.0,1.0,17.0
通,0.8333333333333334,1.0,0.9090909090909091,10.0
逝,1.0,1.0,1.0,7.0
速,1.0,1.0,1.0,7.0
造,1.0,1.0,1.0,10.0
逢,1.0,1.0,1.0,7.0
連,1.0,1.0,1.0,10.0
逮,1.0,1.0,1.0,7.0
進,1.0,1.0,1.0,10.0
逸,1.0,1.0,1.0,10.0
逼,1.0,1.0,1.0,7.0
遂,1.0,1.0,1.0,7.0
遇,1.0,1.0,1.0,7.0
遊,1.0,1.0,1.0,7.0
運,1.0,1.0,1.0,10.0
遍,1.0,1.0,1.0,17.0
過,1.0,1.0,1.0,7.0
道,1.0,0.9,0.9473684210526316,10.0
達,1.0,1.0,1.0,10.0
違,1.0,1.0,1.0,7.0
遙,1.0,1.0,1.0,16.0
遜,1.0,1.0,1.0,17.0
遞,1.0,1.0,1.0,6.0
遠,1.0,1.0,1.0,10.0
遣,1.0,1.0,1.0,7.0
適,1.0,1.0,1.0,7.0
遭,1.0,1.0,1.0,17.0
遮,1.0,1.0,1.0,7.0
遲,1.0,1.0,1.0,16.0
遵,1.0,1.0,1.0,17.0
遷,1.0,1.0,1.0,17.0
選,0.8571428571428571,0.8571428571428571,0.8571428571428571,7.0
遺,1.0,1.0,1.0,17.0
遼,1.0,1.0,1.0,17.0
避,1.0,1.0,1.0,7.0
邀,1.0,1.0,1.0,6.0
邁,1.0,1.0,1.0,6.0
還,0.9444444444444444,1.0,0.9714285714285714,17.0
邊,1.0,1.0,1.0,6.0
邏,1.0,0.8333333333333334,0.9090909090909091,6.0
邢,1.0,1.0,1.0,16.0
那,1.0,1.0,1.0,7.0
邦,1.0,1.0,1.0,10.0
邪,1.0,1.0,1.0,17.0
邱,1.0,1.0,1.0,10.0
邵,1.0,1.0,1.0,6.0
郁,1.0,1.0,1.0,10.0
郊,1.0,1.0,1.0,7.0
郎,1.0,1.0,1.0,10.0
郝,1.0,1.0,1.0,6.0
郡,1.0,1.0,1.0,7.0
部,1.0,1.0,1.0,10.0
郭,1.0,1.0,1.0,10.0
郵,1.0,1.0,1.0,17.0
都,1.0,1.0,1.0,17.0
鄂,1.0,1.0,1.0,6.0
鄆,1.0,1.0,1.0,6.0
鄉,1.0,1.0,1.0,7.0
鄒,1.0,1.0,1.0,6.0
鄙,1.0,1.0,1.0,6.0
鄧,1.0,1.0,1.0,10.0
鄭,1.0,1.0,1.0,10.0
鄰,1.0,1.0,1.0,6.0
酌,1.0,1.0,1.0,17.0
配,1.0,1.0,1.0,7.0
酒,1.0,1.0,1.0,10.0
酚,1.0,1.0,1.0,6.0
酥,1.0,1.0,1.0,6.0
酬,1.0,1.0,1.0,17.0
酮,1.0,1.0,1.0,7.0
酯,0.875,1.0,0.9333333333333333,7.0
酵,1.0,1.0,1.0,7.0
酷,1.0,1.0,1.0,17.0
酸,1.0,1.0,1.0,17.0
醇,1.0,1.0,1.0,7.0
醉,1.0,1.0,1.0,6.0
醋,1.0,0.8333333333333334,0.9090909090909091,6.0
醒,1.0,1.0,1.0,7.0
醛,1.0,1.0,1.0,7.0
醜,1.0,1.0,1.0,7.0
醫,1.0,1.0,1.0,10.0
醬,1.0,1.0,1.0,6.0
釀,1.0,1.0,1.0,6.0
采,0.8333333333333334,1.0,0.9090909090909091,10.0
釉,1.0,1.0,1.0,6.0
釋,1.0,0.8333333333333334,0.9090909090909091,6.0
里,0.9090909090909091,1.0,0.9523809523809523,10.0
重,1.0,1.0,1.0,10.0
野,1.0,1.0,1.0,7.0
量,1.0,1.0,1.0,7.0
釐,0.8,0.9230769230769231,0.8571428571428571,13.0
金,1.0,0.8,0.888888888888889,10.0
釗,0.8571428571428571,1.0,0.923076923076923,6.0
釘,0.9444444444444444,1.0,0.9714285714285714,17.0
釜,1.0,1.0,1.0,7.0
針,1.0,1.0,1.0,7.0
釣,1.0,1.0,1.0,7.0
鈉,1.0,1.0,1.0,6.0
鈍,1.0,1.0,1.0,7.0
鈔,1.0,1.0,1.0,6.0
鈞,1.0,1.0,1.0,10.0
鈣,1.0,1.0,1.0,6.0
鈦,1.0,1.0,1.0,10.0
鈴,0.9090909090909091,1.0,0.9523809523809523,10.0
鈺,1.0,1.0,1.0,10.0
鈾,1.0,1.0,1.0,6.0
鉀,1.0,1.0,1.0,16.0
鉅,1.0,1.0,1.0,10.0
鉗,1.0,1.0,1.0,6.0
鉛,1.0,1.0,1.0,7.0
鉤,1.0,1.0,1.0,6.0
鉸,1.0,1.0,1.0,6.0
鉺,1.0,1.0,1.0,7.0
鉻,1.0,1.0,1.0,6.0
銀,1.0,1.0,1.0,10.0
銅,1.0,1.0,1.0,17.0
銓,1.0,0.9,0.9473684210526316,10.0
銘,1.0,0.9,0.9473684210526316,10.0
銜,1.0,1.0,1.0,6.0
銨,1.0,1.0,1.0,6.0
銳,1.0,1.0,1.0,17.0
銷,1.0,1.0,1.0,10.0
鋁,0.9090909090909091,1.0,0.9523809523809523,10.0
鋅,1.0,1.0,1.0,6.0
鋐,1.0,1.0,1.0,10.0
鋒,1.0,1.0,1.0,10.0
鋤,1.0,1.0,1.0,17.0
鋪,1.0,1.0,1.0,7.0
鋸,1.0,1.0,1.0,17.0
鋼,1.0,1.0,1.0,10.0
錄,1.0,1.0,1.0,7.0
錐,0.9444444444444444,1.0,0.9714285714285714,17.0
錘,1.0,1.0,1.0,17.0
錠,1.0,1.0,1.0,17.0
錢,1.0,1.0,1.0,16.0
錦,0.9090909090909091,1.0,0.9523809523809523,10.0
錨,1.0,1.0,1.0,17.0
錫,1.0,1.0,1.0,17.0
錯,1.0,1.0,1.0,7.0
錳,0.9411764705882353,1.0,0.9696969696969697,16.0
鍋,1.0,1.0,1.0,7.0
鍍,1.0,1.0,1.0,17.0
鍛,1.0,1.0,1.0,17.0
鍵,1.0,1.0,1.0,7.0
鍾,1.0,1.0,1.0,10.0
鎂,1.0,1.0,1.0,16.0
鎖,0.875,1.0,0.9333333333333333,7.0
鎧,1.0,1.0,1.0,10.0
鎮,1.0,1.0,1.0,10.0
鎳,1.0,1.0,1.0,17.0
鏈,1.0,1.0,1.0,6.0
鏟,1.0,0.8333333333333334,0.9090909090909091,6.0
鏡,1.0,1.0,1.0,10.0
鏽,1.0,1.0,1.0,16.0
鐘,1.0,1.0,1.0,10.0
鐵,1.0,1.0,1.0,10.0
鑄,1.0,1.0,1.0,16.0
鑑,1.0,1.0,1.0,7.0
鑫,1.0,1.0,1.0,10.0
鑲,1.0,1.0,1.0,6.0
鑽,1.0,0.9,0.9473684210526316,10.0
鑿,1.0,1.0,1.0,6.0
長,1.0,1.0,1.0,10.0
門,1.0,1.0,1.0,10.0
閃,0.9444444444444444,1.0,0.9714285714285714,17.0
閉,0.9444444444444444,1.0,0.9714285714285714,17.0
開,0.9090909090909091,1.0,0.9523809523809523,10.0
閎,1.0,1.0,1.0,10.0
閒,0.8571428571428571,1.0,0.923076923076923,6.0
間,1.0,0.8571428571428571,0.923076923076923,7.0
閔,1.0,0.9,0.9473684210526316,10.0
閘,0.8571428571428571,1.0,0.923076923076923,6.0
閣,0.875,1.0,0.9333333333333333,7.0
閥,1.0,1.0,1.0,17.0
閨,1.0,0.9375,0.967741935483871,16.0
閩,1.0,0.9375,0.967741935483871,16.0
閱,1.0,1.0,1.0,7.0
闊,1.0,1.0,1.0,6.0
闔,1.0,1.0,1.0,6.0
闖,1.0,0.9375,0.967741935483871,16.0
關,1.0,1.0,1.0,10.0
闡,1.0,0.9375,0.967741935483871,16.0
闢,1.0,1.0,1.0,6.0
防,1.0,1.0,1.0,10.0
阻,1.0,1.0,1.0,7.0
阿,1.0,1.0,1.0,10.0
附,1.0,1.0,1.0,7.0
陌,1.0,1.0,1.0,6.0
降,1.0,1.0,1.0,7.0
限,1.0,1.0,1.0,10.0
陛,1.0,1.0,1.0,7.0
陝,1.0,0.8333333333333334,0.9090909090909091,6.0
陞,1.0,1.0,1.0,10.0
陡,1.0,1.0,1.0,6.0
院,1.0,1.0,1.0,10.0
陣,1.0,1.0,1.0,7.0
除,1.0,1.0,1.0,7.0
陪,1.0,1.0,1.0,7.0
陰,1.0,1.0,1.0,7.0
陳,1.0,1.0,1.0,10.0
陵,0.875,1.0,0.9333333333333333,7.0
陶,1.0,1.0,1.0,17.0
陷,1.0,1.0,1.0,6.0
陸,1.0,1.0,1.0,7.0
陽,1.0,1.0,1.0,10.0
隆,1.0,1.0,1.0,10.0
隊,1.0,1.0,1.0,7.0
隋,1.0,1.0,1.0,6.0
階,1.0,1.0,1.0,17.0
隔,1.0,1.0,1.0,17.0
隙,1.0,1.0,1.0,17.0
際,1.0,1.0,1.0,10.0
障,1.0,1.0,1.0,7.0
隨,1.0,1.0,1.0,6.0
險,1.0,1.0,1.0,10.0
隱,1.0,1.0,1.0,6.0
隸,1.0,1.0,1.0,6.0
雀,1.0,1.0,1.0,7.0
雄,1.0,1.0,1.0,10.0
雅,1.0,1.0,1.0,10.0
集,1.0,1.0,1.0,10.0
雇,1.0,1.0,1.0,17.0
雌,1.0,1.0,1.0,7.0
雍,1.0,1.0,1.0,6.0
雕,1.0,1.0,1.0,16.0
雖,1.0,1.0,1.0,6.0
雙,1.0,1.0,1.0,6.0
雛,1.0,1.0,1.0,7.0
雜,1.0,1.0,1.0,6.0
雞,1.0,1.0,1.0,6.0
離,1.0,1.0,1.0,17.0
難,0.9444444444444444,1.0,0.9714285714285714,17.0
雨,1.0,1.0,1.0,10.0
雪,1.0,1.0,1.0,10.0
雯,1.0,1.0,1.0,10.0
雲,1.0,1.0,1.0,10.0
零,1.0,1.0,1.0,7.0
雷,1.0,1.0,1.0,7.0
雹,1.0,1.0,1.0,6.0
電,1.0,1.0,1.0,10.0
需,0.875,1.0,0.9333333333333333,7.0
震,1.0,1.0,1.0,10.0
霉,1.0,1.0,1.0,6.0
霍,1.0,1.0,1.0,6.0
霖,1.0,1.0,1.0,10.0
霜,1.0,1.0,1.0,7.0
霞,1.0,1.0,1.0,10.0
霧,1.0,1.0,1.0,7.0
露,1.0,1.0,1.0,17.0
霸,1.0,1.0,1.0,6.0
靈,1.0,1.0,1.0,16.0
青,0.8333333333333334,1.0,0.9090909090909091,10.0
靖,1.0,1.0,1.0,10.0
靜,1.0,1.0,1.0,10.0
非,1.0,1.0,1.0,17.0
靠,1.0,1.0,1.0,16.0
面,1.0,1.0,1.0,7.0
革,1.0,0.8571428571428571,0.923076923076923,7.0
靶,1.0,1.0,1.0,6.0
鞋,1.0,1.0,1.0,6.0
鞏,1.0,1.0,1.0,16.0
鞭,1.0,1.0,1.0,7.0
韃,1.0,1.0,1.0,6.0
韋,1.0,1.0,1.0,10.0
韌,1.0,1.0,1.0,6.0
韓,1.0,1.0,1.0,7.0
音,0.9090909090909091,1.0,0.9523809523809523,10.0
韶,1.0,1.0,1.0,6.0
韻,1.0,1.0,1.0,10.0
響,1.0,1.0,1.0,7.0
頁,1.0,1.0,1.0,7.0
頂,1.0,1.0,1.0,10.0
頃,0.9444444444444444,1.0,0.9714285714285714,17.0
項,1.0,1.0,1.0,7.0
順,1.0,1.0,1.0,10.0
須,0.875,1.0,0.9333333333333333,7.0
頌,1.0,1.0,1.0,6.0
預,1.0,1.0,1.0,7.0
頑,1.0,1.0,1.0,7.0
頒,1.0,0.8571428571428571,0.923076923076923,7.0
頓,1.0,0.9411764705882353,0.9696969696969697,17.0
頗,1.0,1.0,1.0,7.0
領,1.0,1.0,1.0,17.0
頭,1.0,1.0,1.0,7.0
頰,1.0,1.0,1.0,6.0
頸,1.0,1.0,1.0,6.0
頻,1.0,1.0,1.0,7.0
顆,1.0,1.0,1.0,16.0
題,1.0,0.9411764705882353,0.9696969696969697,17.0
額,1.0,1.0,1.0,17.0
顏,1.0,1.0,1.0,10.0
願,1.0,1.0,1.0,17.0
顛,1.0,1.0,1.0,7.0
類,1.0,1.0,1.0,17.0
顧,1.0,1.0,1.0,10.0
顫,1.0,1.0,1.0,6.0
顯,0.9090909090909091,1.0,0.9523809523809523,10.0
風,1.0,1.0,1.0,10.0
飄,1.0,1.0,1.0,6.0
飛,1.0,1.0,1.0,10.0
食,1.0,1.0,1.0,10.0
飢,1.0,1.0,1.0,7.0
飪,1.0,1.0,1.0,6.0
飯,1.0,1.0,1.0,17.0
飲,1.0,1.0,1.0,10.0
飼,1.0,1.0,1.0,7.0
飽,0.875,1.0,0.9333333333333333,7.0
飾,1.0,0.9,0.9473684210526316,10.0
餅,1.0,1.0,1.0,7.0
餉,1.0,1.0,1.0,6.0
養,1.0,1.0,1.0,17.0
餐,1.0,1.0,1.0,10.0
餓,0.9444444444444444,1.0,0.9714285714285714,17.0
餘,1.0,1.0,1.0,6.0
餚,1.0,1.0,1.0,6.0
館,1.0,1.0,1.0,10.0
餵,1.0,0.5,0.6666666666666666,2.0
餾,1.0,1.0,1.0,16.0
饋,1.0,1.0,1.0,6.0
饒,1.0,1.0,1.0,16.0
首,0.9090909090909091,1.0,0.9523809523809523,10.0
香,1.0,1.0,1.0,10.0
馨,1.0,1.0,1.0,10.0
馬,1.0,1.0,1.0,10.0
馮,1.0,1.0,1.0,10.0
馳,1.0,1.0,1.0,7.0
駁,1.0,1.0,1.0,7.0
駐,0.875,1.0,0.9333333333333333,7.0
駕,1.0,1.0,1.0,7.0
駛,1.0,0.8333333333333334,0.9090909090909091,6.0
駱,1.0,1.0,1.0,6.0
駿,1.0,1.0,1.0,10.0
騎,1.0,1.0,1.0,17.0
騙,1.0,1.0,1.0,6.0
騰,1.0,1.0,1.0,10.0
騷,1.0,1.0,1.0,6.0
驅,1.0,1.0,1.0,6.0
驕,1.0,1.0,1.0,16.0
驗,1.0,1.0,1.0,6.0
驚,1.0,0.8571428571428571,0.923076923076923,7.0
驟,1.0,1.0,1.0,6.0
骨,1.0,1.0,1.0,17.0
體,1.0,1.0,1.0,10.0
高,1.0,1.0,1.0,10.0
鬥,1.0,1.0,1.0,16.0
鬧,1.0,0.9375,0.967741935483871,16.0
鬱,1.0,1.0,1.0,7.0
鬼,1.0,1.0,1.0,7.0
魁,1.0,1.0,1.0,7.0
魂,1.0,1.0,1.0,7.0
魄,1.0,1.0,1.0,6.0
魏,1.0,1.0,1.0,10.0
魔,1.0,1.0,1.0,7.0
魚,0.875,1.0,0.9333333333333333,7.0
魯,1.0,1.0,1.0,17.0
鮮,1.0,1.0,1.0,7.0
鯉,1.0,1.0,1.0,7.0
鰱,1.0,1.0,1.0,16.0
鰲,1.0,1.0,1.0,6.0
鱗,1.0,0.9411764705882353,0.9696969696969697,17.0
鳥,0.7777777777777778,1.0,0.8750000000000001,7.0
鳳,1.0,1.0,1.0,10.0
鳴,1.0,0.8571428571428571,0.923076923076923,7.0
鴉,1.0,1.0,1.0,6.0
鴨,1.0,1.0,1.0,7.0
鴻,1.0,1.0,1.0,10.0
鵝,1.0,1.0,1.0,6.0
鵬,1.0,1.0,1.0,10.0
鶴,1.0,1.0,1.0,7.0
鷹,1.0,1.0,1.0,17.0
鹼,1.0,1.0,1.0,6.0
鹽,1.0,1.0,1.0,6.0
鹿,1.0,1.0,1.0,7.0
麒,1.0,1.0,1.0,10.0
麗,1.0,1.0,1.0,10.0
麟,1.0,1.0,1.0,10.0
麥,1.0,1.0,1.0,16.0
麻,1.0,1.0,1.0,7.0
麼,1.0,1.0,1.0,6.0
黃,0.9090909090909091,1.0,0.9523809523809523,10.0
黎,1.0,1.0,1.0,10.0
黑,1.0,0.9375,0.967741935483871,16.0
默,1.0,1.0,1.0,6.0
點,1.0,1.0,1.0,16.0
黨,1.0,1.0,1.0,16.0
鼎,1.0,1.0,1.0,10.0
鼓,1.0,1.0,1.0,7.0
鼠,1.0,1.0,1.0,7.0
鼻,1.0,1.0,1.0,7.0
齊,1.0,1.0,1.0,10.0
齋,1.0,1.0,1.0,6.0
齒,1.0,1.0,1.0,6.0
齡,1.0,1.0,1.0,6.0
龍,1.0,1.0,1.0,10.0
龐,1.0,1.0,1.0,6.0
龜,1.0,1.0,1.0,6.0
accuracy,0.9880804067477019,0.9880804067477019,0.9880804067477019,0.9880804067477019
macro avg,0.9896669654950727,0.9868080784245638,0.9873657635489468,29699.0
weighted avg,0.9906547369690916,0.9880804067477019,0.9886813850528303,29699.0
